date,open,high,low,close,volume
2000-08-30,4.95,4.95,4.895,4.93,2319
2000-08-31,4.92,5.045,4.92,5.003,1612
2000-09-01,5.035,5.035,4.985,5.004,1375
2000-09-05,4.99,5.005,4.975,4.998,856
2000-09-06,5.0,5.0,4.98,4.983,232
2000-09-07,4.98,4.98,4.93,4.935,300
2000-09-08,4.94,4.945,4.91,4.923,120
2000-09-11,4.905,4.91,4.885,4.885,113
2000-09-12,4.935,4.94,4.9,4.909,211
2000-09-13,4.92,4.92,4.88,4.892,87
2000-09-14,4.895,4.91,4.88,4.888,103
2000-09-15,4.87,4.88,4.855,4.868,16
2000-09-18,4.876,4.876,4.876,4.876,15
2000-09-19,4.89,4.89,4.875,4.883,111
2000-09-20,4.86,4.865,4.83,4.83,13
2000-09-21,4.9,4.9,4.87,4.872,16
2000-09-22,4.9,4.91,4.9,4.91,29
2000-09-25,4.9,4.915,4.86,4.915,219
2000-09-26,4.93,4.931,4.93,4.931,0
2000-09-27,4.91,4.968,4.91,4.968,0
2000-09-28,4.953,4.953,4.953,4.953,1
2000-09-29,4.87,4.899,4.87,4.899,0
2000-10-02,4.906,4.906,4.906,4.906,0
2000-10-03,4.913,4.913,4.913,4.913,4
2000-10-04,4.84,4.874,4.84,4.874,1
2000-10-05,4.889,4.889,4.889,4.889,1
2000-10-06,4.883,4.883,4.883,4.883,0
2000-10-09,4.885,4.885,4.885,4.885,0
2000-10-10,4.918,4.918,4.918,4.918,0
2000-10-11,4.87,4.87,4.87,4.87,0
2000-10-12,4.923,4.923,4.923,4.923,0
2000-10-13,4.883,4.883,4.883,4.883,0
2000-10-16,4.881,4.881,4.881,4.881,0
2000-10-17,4.843,4.843,4.843,4.843,0
2000-10-18,4.853,4.853,4.853,4.853,0
2000-10-19,4.828,4.828,4.828,4.828,0
2000-10-20,4.828,4.828,4.828,4.828,0
2000-10-23,4.786,4.786,4.786,4.786,6
2000-10-24,4.775,4.799,4.775,4.799,0
2000-10-25,4.764,4.764,4.764,4.764,0
2000-10-26,4.731,4.731,4.731,4.731,0
2000-10-27,4.746,4.746,4.746,4.746,1
2000-10-30,4.77,4.77,4.748,4.748,0
2000-10-31,4.754,4.754,4.754,4.754,1
2000-11-01,4.774,4.774,4.774,4.774,0
2000-11-02,4.711,4.711,4.711,4.711,4
2000-11-03,4.741,4.741,4.741,4.741,0
2000-11-06,4.761,4.761,4.761,4.761,0
2000-11-07,4.721,4.721,4.721,4.721,0
2000-11-08,4.739,4.739,4.739,4.739,0
2000-11-09,4.749,4.749,4.749,4.749,0
2000-11-10,4.707,4.707,4.707,4.707,1
2000-11-13,4.7,4.7,4.672,4.672,0
2000-11-14,4.679,4.679,4.679,4.679,20
2000-11-15,4.672,4.672,4.672,4.672,0
2000-11-16,4.68,4.68,4.66,4.66,0
2000-11-17,4.645,4.645,4.645,4.645,0
2000-11-20,4.642,4.642,4.642,4.642,0
2000-11-21,4.627,4.627,4.627,4.627,0
2000-11-22,4.625,4.625,4.625,4.625,0
2000-11-27,4.695,4.695,4.695,4.695,0
2000-11-28,4.698,4.698,4.698,4.698,23582
2000-11-29,4.695,4.71,4.6,4.615,4660
2000-11-30,4.605,4.675,4.6,4.674,325
2000-12-01,4.675,4.685,4.64,4.64,208
2000-12-04,4.65,4.745,4.65,4.714,129
2000-12-05,4.7,4.72,4.675,4.704,409
2000-12-06,4.695,4.76,4.695,4.754,141
2000-12-07,4.765,4.765,4.705,4.724,14
2000-12-08,4.7,4.7,4.648,4.648,49
2000-12-11,4.656,4.665,4.655,4.656,229
2000-12-12,4.675,4.675,4.66,4.66,8
2000-12-13,4.635,4.635,4.62,4.623,6
2000-12-14,4.625,4.625,4.598,4.598,17
2000-12-15,4.55,4.575,4.55,4.563,697
2000-12-18,4.58,4.58,4.575,4.575,202
2000-12-19,4.595,4.595,4.585,4.585,127
2000-12-20,4.61,4.65,4.596,4.596,258
2000-12-21,4.599,4.599,4.599,4.599,4
2000-12-22,4.6,4.611,4.6,4.611,2
2000-12-26,4.623,4.623,4.623,4.623,0
2000-12-27,4.583,4.583,4.583,4.583,45
2000-12-28,4.56,4.587,4.56,4.587,45
2000-12-29,4.585,4.585,4.585,4.585,0
2001-01-02,4.545,4.545,4.545,4.545,40
2001-01-03,4.5,4.5,4.49,4.49,0
2001-01-04,4.532,4.532,4.532,4.532,35
2001-01-05,4.555,4.555,4.555,4.555,0
2001-01-08,4.545,4.545,4.545,4.545,8
2001-01-09,4.53,4.55,4.53,4.55,73
2001-01-10,4.535,4.535,4.535,4.535,31
2001-01-11,4.557,4.557,4.557,4.557,31
2001-01-12,4.622,4.622,4.622,4.622,0
2001-01-16,4.677,4.677,4.677,4.677,0
2001-01-17,4.71,4.71,4.71,4.71,0
2001-01-18,4.794,4.794,4.794,4.794,0
2001-01-19,4.749,4.749,4.749,4.749,0
2001-01-22,4.774,4.774,4.774,4.774,0
2001-01-23,4.776,4.776,4.776,4.776,0
2001-01-24,4.768,4.768,4.768,4.768,0
2001-01-25,4.785,4.785,4.785,4.785,0
2001-01-26,4.805,4.805,4.805,4.805,0
2001-01-29,4.803,4.803,4.803,4.803,160
2001-01-30,4.796,4.796,4.796,4.796,4
2001-01-31,4.77,4.791,4.77,4.791,2
2001-02-01,4.74,4.79,4.74,4.79,2
2001-02-02,4.768,4.768,4.768,4.768,0
2001-02-05,4.678,4.678,4.678,4.678,0
2001-02-06,4.653,4.653,4.653,4.653,0
2001-02-07,4.611,4.611,4.611,4.611,0
2001-02-08,4.56,4.56,4.56,4.56,0
2001-02-09,4.553,4.553,4.553,4.553,0
2001-02-12,4.553,4.553,4.553,4.553,0
2001-02-13,4.553,4.553,4.553,4.553,0
2001-02-14,4.58,4.58,4.58,4.58,0
2001-02-15,4.513,4.513,4.513,4.513,0
2001-02-16,4.488,4.488,4.488,4.488,0
2001-02-20,4.418,4.418,4.418,4.418,0
2001-02-21,4.406,4.406,4.406,4.406,0
2001-02-22,4.413,4.413,4.413,4.413,0
2001-02-23,4.431,4.431,4.431,4.431,0
2001-02-26,4.443,4.443,4.443,4.443,11413
2001-02-27,4.46,4.47,4.4,4.414,3140
2001-02-28,4.42,4.54,4.39,4.472,589
2001-03-01,4.485,4.49,4.39,4.395,665
2001-03-02,4.405,4.45,4.39,4.419,203
2001-03-05,4.405,4.45,4.38,4.416,47
2001-03-06,4.39,4.42,4.39,4.408,42
2001-03-07,4.38,4.44,4.38,4.428,679
2001-03-08,4.41,4.495,4.41,4.476,53
2001-03-09,4.46,4.52,4.46,4.488,287
2001-03-12,4.495,4.495,4.4,4.409,16
2001-03-13,4.375,4.435,4.375,4.419,97
2001-03-14,4.39,4.445,4.39,4.428,356
2001-03-15,4.395,4.425,4.32,4.325,23
2001-03-16,4.31,4.31,4.27,4.288,0
2001-03-19,4.285,4.295,4.28,4.295,135
2001-03-20,4.29,4.328,4.29,4.328,36
2001-03-21,4.3,4.33,4.3,4.323,2
2001-03-22,4.31,4.334,4.31,4.334,127
2001-03-23,4.33,4.342,4.33,4.342,4
2001-03-26,4.355,4.359,4.34,4.359,0
2001-03-27,4.414,4.414,4.414,4.414,0
2001-03-28,4.354,4.385,4.354,4.354,63
2001-03-29,4.35,4.35,4.318,4.318,10
2001-03-30,4.278,4.278,4.278,4.278,0
2001-04-02,4.298,4.298,4.298,4.298,0
2001-04-03,4.296,4.296,4.296,4.296,0
2001-04-04,4.323,4.323,4.323,4.323,0
2001-04-05,4.341,4.341,4.341,4.341,20
2001-04-06,4.321,4.321,4.321,4.321,0
2001-04-09,4.301,4.301,4.301,4.301,55
2001-04-10,4.311,4.311,4.311,4.311,0
2001-04-11,4.353,4.353,4.353,4.353,0
2001-04-12,4.358,4.358,4.358,4.358,0
2001-04-16,4.432,4.432,4.432,4.432,0
2001-04-17,4.36,4.36,4.36,4.36,0
2001-04-18,4.357,4.357,4.357,4.357,0
2001-04-19,4.419,4.419,4.419,4.419,10
2001-04-20,4.435,4.435,4.435,4.435,20
2001-04-23,4.435,4.435,4.435,4.435,0
2001-04-24,4.448,4.448,4.448,4.448,0
2001-04-25,4.365,4.365,4.365,4.365,0
2001-04-26,4.377,4.377,4.377,4.377,11195
2001-04-27,4.38,4.41,4.35,4.357,996
2001-04-30,4.36,4.36,4.31,4.32,420
2001-05-01,4.31,4.36,4.31,4.35,90
2001-05-02,4.335,4.39,4.335,4.36,59
2001-05-03,4.375,4.375,4.33,4.33,20
2001-05-04,4.327,4.327,4.32,4.327,31
2001-05-07,4.294,4.315,4.294,4.294,5
2001-05-08,4.31,4.31,4.304,4.304,161
2001-05-09,4.33,4.386,4.33,4.386,23
2001-05-10,4.34,4.34,4.323,4.323,21
2001-05-11,4.325,4.33,4.31,4.31,5
2001-05-14,4.332,4.332,4.332,4.332,0
2001-05-15,4.295,4.295,4.295,4.295,0
2001-05-16,4.438,4.438,4.438,4.438,18
2001-05-17,4.43,4.47,4.43,4.47,2
2001-05-18,4.48,4.552,4.48,4.552,17
2001-05-21,4.635,4.635,4.526,4.526,7
2001-05-22,4.515,4.544,4.515,4.544,34
2001-05-23,4.505,4.56,4.505,4.56,3
2001-05-24,4.61,4.61,4.603,4.603,17
2001-05-25,4.58,4.59,4.56,4.563,0
2001-05-29,4.523,4.523,4.523,4.523,40
2001-05-30,4.423,4.445,4.423,4.423,0
2001-05-31,4.396,4.396,4.396,4.396,0
2001-06-01,4.409,4.409,4.409,4.409,8
2001-06-04,4.32,4.321,4.32,4.321,0
2001-06-05,4.329,4.329,4.329,4.329,0
2001-06-06,4.328,4.328,4.328,4.328,0
2001-06-07,4.323,4.323,4.323,4.323,0
2001-06-08,4.358,4.358,4.358,4.358,0
2001-06-11,4.326,4.326,4.326,4.326,100
2001-06-12,4.365,4.365,4.365,4.365,0
2001-06-13,4.405,4.405,4.365,4.405,0
2001-06-14,4.46,4.46,4.46,4.46,0
2001-06-15,4.393,4.393,4.393,4.393,0
2001-06-18,4.415,4.415,4.415,4.415,2
2001-06-19,4.4,4.4,4.393,4.393,0
2001-06-20,4.338,4.338,4.338,4.338,9195
2001-06-21,4.316,4.316,4.316,4.316,9195
2001-06-22,4.299,4.299,4.299,4.299,0
2001-06-25,4.294,4.294,4.294,4.294,0
2001-06-26,4.344,4.344,4.344,4.344,0
2001-06-27,4.305,4.305,4.305,4.305,10850
2001-06-28,4.31,4.32,4.28,4.293,1525
2001-06-29,4.285,4.325,4.28,4.292,524
2001-07-02,4.26,4.28,4.24,4.277,168
2001-07-03,4.27,4.28,4.235,4.243,158
2001-07-05,4.24,4.24,4.2,4.208,158
2001-07-06,4.235,4.25,4.18,4.235,38
2001-07-09,4.215,4.235,4.2,4.213,40
2001-07-10,4.215,4.25,4.215,4.235,12
2001-07-11,4.22,4.26,4.22,4.232,19
2001-07-12,4.21,4.25,4.21,4.241,28
2001-07-13,4.215,4.282,4.215,4.282,59
2001-07-16,4.26,4.28,4.187,4.187,17
2001-07-17,4.18,4.225,4.18,4.225,53
2001-07-18,4.225,4.265,4.19,4.265,2
2001-07-19,4.218,4.218,4.218,4.218,7
2001-07-20,4.219,4.219,4.219,4.219,10
2001-07-23,4.239,4.239,4.239,4.239,27
2001-07-24,4.24,4.24,4.24,4.24,5
2001-07-25,4.213,4.213,4.213,4.213,2
2001-07-26,4.24,4.24,4.222,4.222,0
2001-07-27,4.22,4.22,4.202,4.202,24
2001-07-30,4.185,4.21,4.185,4.19,1
2001-07-31,4.21,4.21,4.21,4.21,0
2001-08-01,4.217,4.217,4.217,4.217,0
2001-08-02,4.22,4.22,4.22,4.22,0
2001-08-03,4.213,4.213,4.213,4.213,0
2001-08-06,4.178,4.178,4.178,4.178,0
2001-08-07,4.158,4.158,4.158,4.158,0
2001-08-08,4.138,4.138,4.138,4.138,0
2001-08-09,4.205,4.205,4.205,4.205,2
2001-08-10,4.21,4.21,4.135,4.135,2
2001-08-13,4.136,4.136,4.136,4.136,0
2001-08-14,4.191,4.191,4.191,4.191,0
2001-08-15,4.144,4.144,4.144,4.144,90
2001-08-16,4.19,4.19,4.19,4.19,90
2001-08-17,4.257,4.257,4.257,4.257,0
2001-08-20,4.145,4.145,4.145,4.145,52
2001-08-21,4.185,4.185,4.185,4.185,0
2001-08-22,4.202,4.202,4.202,4.202,0
2001-08-23,4.214,4.214,4.214,4.214,0
2001-08-24,4.182,4.182,4.182,4.182,0
2001-08-27,4.194,4.194,4.194,4.194,0
2001-08-28,4.18,4.18,4.18,4.18,0
2001-08-29,4.182,4.182,4.182,4.182,11191
2001-08-30,4.185,4.19,4.14,4.156,1848
2001-08-31,4.145,4.17,4.14,4.162,538
2001-09-04,4.155,4.16,4.135,4.142,105
2001-09-05,4.145,4.16,4.145,4.149,42
2001-09-06,4.16,4.16,4.14,4.148,36
2001-09-07,4.17,4.17,4.135,4.144,64
2001-09-10,4.15,4.16,4.14,4.156,0
2001-09-11,4.17,4.175,4.17,4.175,0
2001-09-14,4.293,4.293,4.293,4.293,59
2001-09-17,4.29,4.42,4.27,4.383,51
2001-09-18,4.443,4.443,4.37,4.443,34
2001-09-19,4.45,4.718,4.45,4.718,36
2001-09-20,4.655,4.655,4.51,4.51,18
2001-09-21,4.64,4.64,4.58,4.592,37
2001-09-24,4.53,4.57,4.5,4.57,33
2001-09-25,4.55,4.56,4.49,4.522,0
2001-09-26,4.55,4.61,4.55,4.6,0
2001-09-27,4.59,4.59,4.58,4.58,0
2001-09-28,4.647,4.647,4.647,4.647,0
2001-10-01,4.639,4.639,4.639,4.639,0
2001-10-02,4.622,4.622,4.622,4.622,0
2001-10-03,4.607,4.607,4.607,4.607,0
2001-10-04,4.637,4.637,4.637,4.637,0
2001-10-05,4.67,4.67,4.665,4.665,0
2001-10-08,4.65,4.65,4.65,4.65,0
2001-10-09,4.53,4.53,4.53,4.53,0
2001-10-10,4.46,4.46,4.418,4.418,0
2001-10-11,4.403,4.403,4.403,4.403,0
2001-10-12,4.448,4.448,4.448,4.448,0
2001-10-15,4.371,4.371,4.371,4.371,0
2001-10-16,4.323,4.323,4.323,4.323,0
2001-10-17,4.348,4.348,4.348,4.348,0
2001-10-18,4.29,4.29,4.243,4.243,0
2001-10-19,4.258,4.258,4.258,4.258,0
2001-10-22,4.15,4.22,4.15,4.22,0
2001-10-23,4.22,4.228,4.22,4.228,0
2001-10-24,4.203,4.203,4.203,4.203,0
2001-10-25,4.208,4.208,4.208,4.208,0
2001-10-26,4.203,4.203,4.203,4.203,0
2001-10-29,4.231,4.231,4.231,4.231,0
2001-10-30,4.252,4.252,4.252,4.252,4
2001-10-31,4.22,4.22,4.214,4.214,0
2001-11-01,4.196,4.196,4.196,4.196,20
2001-11-02,4.14,4.14,4.099,4.099,0
2001-11-05,4.087,4.087,4.087,4.087,4
2001-11-06,4.09,4.108,4.09,4.108,0
2001-11-07,4.118,4.118,4.118,4.118,30
2001-11-08,4.08,4.08,4.068,4.068,30
2001-11-09,4.07,4.07,4.07,4.07,0
2001-11-12,4.108,4.108,4.108,4.108,107
2001-11-13,4.135,4.135,4.135,4.135,0
2001-11-14,4.138,4.138,4.138,4.138,100
2001-11-15,4.106,4.106,4.106,4.106,100
2001-11-16,4.093,4.093,4.093,4.093,0
2001-11-19,4.056,4.056,4.056,4.056,175
2001-11-20,4.048,4.048,4.048,4.048,10
2001-11-21,4.033,4.033,4.033,4.033,0
2001-11-26,4.026,4.026,4.026,4.026,0
2001-11-27,4.038,4.038,4.038,4.038,0
2001-11-28,4.113,4.113,4.113,4.113,8751
2001-11-29,4.115,4.16,4.05,4.063,1397
2001-11-30,4.065,4.16,4.065,4.128,303
2001-12-03,4.175,4.225,4.125,4.2,152
2001-12-04,4.19,4.19,4.128,4.128,161
2001-12-05,4.135,4.19,4.09,4.176,94
2001-12-06,4.18,4.217,4.17,4.217,89
2001-12-07,4.23,4.26,4.22,4.25,48
2001-12-10,4.25,4.25,4.2,4.225,80
2001-12-11,4.257,4.257,4.23,4.257,233
2001-12-12,4.25,4.28,4.245,4.245,168
2001-12-13,4.25,4.265,4.235,4.265,168
2001-12-14,4.35,4.357,4.35,4.357,26
2001-12-17,4.34,4.36,4.34,4.36,8
2001-12-18,4.375,4.43,4.375,4.415,22
2001-12-19,4.303,4.41,4.303,4.303,11
2001-12-20,4.335,4.4,4.335,4.393,11
2001-12-21,4.39,4.48,4.39,4.465,26
2001-12-26,4.49,4.56,4.475,4.536,0
2001-12-27,4.48,4.52,4.461,4.461,8
2001-12-28,4.485,4.489,4.485,4.489,4
2001-12-31,4.5,4.579,4.5,4.579,9
2002-01-02,4.526,4.526,4.526,4.526,22
2002-01-03,4.599,4.599,4.599,4.599,28
2002-01-04,4.58,4.642,4.58,4.642,10
2002-01-07,4.6,4.66,4.6,4.66,8
2002-01-08,4.62,4.633,4.62,4.633,0
2002-01-09,4.703,4.703,4.703,4.703,104
2002-01-10,4.69,4.72,4.69,4.693,3
2002-01-11,4.66,4.691,4.66,4.691,47
2002-01-14,4.58,4.59,4.508,4.508,0
2002-01-15,4.548,4.548,4.548,4.548,0
2002-01-16,4.555,4.555,4.555,4.555,0
2002-01-17,4.438,4.438,4.438,4.438,0
2002-01-18,4.338,4.338,4.338,4.338,0
2002-01-22,4.281,4.281,4.281,4.281,0
2002-01-23,4.253,4.253,4.253,4.253,0
2002-01-24,4.266,4.266,4.266,4.266,0
2002-01-25,4.298,4.298,4.298,4.298,0
2002-01-28,4.243,4.243,4.243,4.243,0
2002-01-29,4.288,4.288,4.288,4.288,0
2002-01-30,4.286,4.286,4.286,4.286,0
2002-01-31,4.216,4.216,4.216,4.216,0
2002-02-01,4.306,4.306,4.306,4.306,0
2002-02-04,4.288,4.288,4.288,4.288,252
2002-02-05,4.28,4.393,4.28,4.393,0
2002-02-06,4.361,4.361,4.361,4.361,65
2002-02-07,4.342,4.342,4.342,4.342,0
2002-02-08,4.452,4.452,4.452,4.452,0
2002-02-11,4.412,4.412,4.412,4.412,2
2002-02-12,4.482,4.482,4.482,4.482,0
2002-02-13,4.502,4.502,4.502,4.502,0
2002-02-14,4.527,4.527,4.527,4.527,0
2002-02-15,4.535,4.535,4.535,4.535,0
2002-02-19,4.467,4.467,4.467,4.467,0
2002-02-20,4.397,4.397,4.397,4.397,0
2002-02-21,4.417,4.417,4.417,4.417,0
2002-02-22,4.395,4.395,4.395,4.395,0
2002-02-25,4.365,4.365,4.365,4.365,0
2002-02-26,4.42,4.42,4.42,4.42,8992
2002-02-27,4.43,4.47,4.41,4.424,1268
2002-02-28,4.42,4.51,4.395,4.497,215
2002-03-01,4.485,4.575,4.46,4.549,214
2002-03-04,4.53,4.63,4.53,4.587,103
2002-03-05,4.565,4.63,4.535,4.541,37
2002-03-06,4.55,4.55,4.5,4.516,36
2002-03-07,4.51,4.51,4.46,4.466,50
2002-03-08,4.47,4.55,4.46,4.492,12
2002-03-11,4.525,4.54,4.472,4.472,12
2002-03-12,4.49,4.51,4.48,4.485,114
2002-03-13,4.517,4.525,4.5,4.517,28
2002-03-14,4.54,4.54,4.485,4.489,22
2002-03-15,4.482,4.495,4.455,4.482,54
2002-03-18,4.52,4.52,4.492,4.492,12
2002-03-19,4.49,4.55,4.49,4.512,200
2002-03-20,4.522,4.54,4.5,4.522,9
2002-03-21,4.53,4.53,4.499,4.499,16
2002-03-22,4.52,4.531,4.5,4.531,32
2002-03-25,4.55,4.6,4.52,4.572,0
2002-03-26,4.6,4.6,4.56,4.579,30
2002-03-27,4.62,4.671,4.62,4.671,0
2002-03-28,4.641,4.641,4.641,4.641,0
2002-04-01,4.691,4.691,4.691,4.691,3
2002-04-02,4.7,4.738,4.7,4.738,0
2002-04-03,4.658,4.658,4.658,4.658,0
2002-04-04,4.616,4.616,4.616,4.616,120
2002-04-05,4.571,4.571,4.571,4.571,0
2002-04-08,4.561,4.561,4.561,4.561,0
2002-04-09,4.549,4.549,4.549,4.549,0
2002-04-10,4.619,4.619,4.619,4.619,13
2002-04-11,4.61,4.62,4.57,4.578,0
2002-04-12,4.588,4.588,4.588,4.588,0
2002-04-15,4.445,4.445,4.445,4.445,4
2002-04-16,4.4,4.4,4.4,4.4,0
2002-04-17,4.445,4.445,4.445,4.445,0
2002-04-18,4.493,4.493,4.493,4.493,0
2002-04-19,4.498,4.498,4.498,4.498,5
2002-04-22,4.538,4.538,4.538,4.538,5
2002-04-23,4.565,4.565,4.565,4.565,0
2002-04-24,4.557,4.557,4.557,4.557,0
2002-04-25,4.615,4.615,4.615,4.615,0
2002-04-26,4.647,4.647,4.647,4.647,7454
2002-04-29,4.65,4.66,4.6,4.636,2033
2002-04-30,4.625,4.635,4.505,4.532,408
2002-05-01,4.52,4.555,4.51,4.529,128
2002-05-02,4.535,4.55,4.515,4.543,122
2002-05-03,4.545,4.61,4.54,4.597,59
2002-05-06,4.59,4.605,4.58,4.596,138
2002-05-07,4.59,4.64,4.59,4.618,23
2002-05-08,4.615,4.63,4.572,4.572,10
2002-05-09,4.565,4.615,4.565,4.615,15
2002-05-10,4.63,4.67,4.63,4.658,883
2002-05-13,4.68,4.69,4.596,4.596,12
2002-05-14,4.58,4.605,4.58,4.596,21
2002-05-15,4.6,4.645,4.6,4.626,16
2002-05-16,4.63,4.64,4.615,4.639,8
2002-05-17,4.69,4.71,4.65,4.654,10
2002-05-20,4.68,4.769,4.68,4.769,15
2002-05-21,4.745,4.88,4.745,4.834,8
2002-05-22,4.84,4.84,4.8,4.825,8
2002-05-23,4.785,4.91,4.785,4.897,5
2002-05-24,4.875,4.875,4.857,4.857,69
2002-05-28,4.89,4.89,4.84,4.87,0
2002-05-29,4.93,4.98,4.9,4.933,0
2002-05-30,4.969,4.969,4.969,4.969,2
2002-05-31,5.026,5.026,5.026,5.026,0
2002-06-03,5.068,5.068,5.068,5.068,41
2002-06-04,5.15,5.15,5.113,5.113,24
2002-06-05,5.01,5.01,4.933,4.933,0
2002-06-06,4.986,4.986,4.986,4.986,0
2002-06-07,4.971,4.971,4.971,4.971,0
2002-06-10,4.903,4.903,4.903,4.903,0
2002-06-11,4.873,4.873,4.873,4.873,660
2002-06-12,4.91,4.92,4.91,4.91,252
2002-06-13,4.91,4.91,4.8,4.827,2
2002-06-14,4.847,4.847,4.847,4.847,0
2002-06-17,4.82,4.82,4.82,4.82,5
2002-06-18,4.842,4.842,4.842,4.842,0
2002-06-19,4.839,4.839,4.839,4.839,1
2002-06-20,4.84,4.867,4.84,4.867,0
2002-06-21,4.852,4.852,4.852,4.852,0
2002-06-24,4.864,4.864,4.864,4.864,0
2002-06-25,4.829,4.829,4.829,4.829,0
2002-06-26,4.83,4.849,4.83,4.849,11192
2002-06-27,4.84,4.88,4.8,4.876,2294
2002-06-28,4.855,4.89,4.825,4.833,396
2002-07-01,4.845,4.87,4.8,4.867,637
2002-07-02,4.88,4.98,4.85,4.93,0
2002-07-03,4.945,4.945,4.905,4.935,46
2002-07-08,4.89,4.96,4.89,4.96,130
2002-07-09,4.995,5.05,4.98,5.038,24
2002-07-10,5.04,5.08,5.01,5.03,88
2002-07-11,5.04,5.11,5.04,5.072,44
2002-07-12,5.05,5.06,5.03,5.046,28
2002-07-15,5.14,5.14,5.1,5.101,304
2002-07-16,5.05,5.05,5.0,5.018,253
2002-07-17,5.01,5.01,4.97,4.99,17
2002-07-18,4.97,5.025,4.97,4.99,20
2002-07-19,5.063,5.085,5.06,5.063,229
2002-07-22,5.05,5.07,5.033,5.033,148
2002-07-23,5.0,5.0,4.874,4.874,78
2002-07-24,4.88,4.88,4.805,4.854,27
2002-07-25,4.845,4.86,4.84,4.851,61
2002-07-26,4.84,4.84,4.61,4.661,0
2002-07-29,4.68,4.69,4.61,4.636,2
2002-07-30,4.635,4.665,4.635,4.655,0
2002-07-31,4.595,4.595,4.595,4.595,0
2002-08-01,4.58,4.58,4.58,4.58,0
2002-08-02,4.59,4.59,4.59,4.59,0
2002-08-05,4.63,4.63,4.63,4.63,0
2002-08-06,4.61,4.61,4.61,4.61,0
2002-08-07,4.672,4.672,4.672,4.672,0
2002-08-08,4.635,4.635,4.635,4.635,0
2002-08-09,4.667,4.667,4.667,4.667,0
2002-08-12,4.59,4.59,4.59,4.59,0
2002-08-13,4.577,4.577,4.577,4.577,0
2002-08-14,4.455,4.455,4.455,4.455,0
2002-08-15,4.48,4.48,4.48,4.48,0
2002-08-16,4.49,4.49,4.49,4.49,0
2002-08-19,4.402,4.402,4.402,4.402,0
2002-08-20,4.434,4.434,4.434,4.434,0
2002-08-21,4.417,4.417,4.417,4.417,0
2002-08-22,4.462,4.462,4.462,4.462,0
2002-08-23,4.42,4.42,4.42,4.42,0
2002-08-26,4.435,4.435,4.435,4.435,0
2002-08-27,4.5,4.5,4.5,4.5,0
2002-08-28,4.495,4.495,4.495,4.495,4920
2002-08-29,4.5,4.54,4.5,4.527,1073
2002-08-30,4.54,4.56,4.42,4.437,182
2002-09-03,4.461,4.495,4.454,4.454,173
2002-09-04,4.45,4.465,4.43,4.465,354
2002-09-05,4.475,4.545,4.475,4.515,149
2002-09-06,4.535,4.57,4.51,4.512,52
2002-09-09,4.53,4.6,4.53,4.579,38
2002-09-10,4.57,4.57,4.557,4.557,26
2002-09-11,4.51,4.542,4.51,4.542,22
2002-09-12,4.54,4.625,4.54,4.587,4
2002-09-13,4.565,4.565,4.554,4.554,5
2002-09-16,4.545,4.549,4.545,4.549,11
2002-09-17,4.52,4.577,4.52,4.577,41
2002-09-18,4.6,4.64,4.6,4.619,189
2002-09-19,4.65,4.67,4.639,4.639,12
2002-09-20,4.645,4.645,4.629,4.629,0
2002-09-23,4.627,4.627,4.627,4.627,1
2002-09-24,4.625,4.649,4.625,4.649,4
2002-09-25,4.655,4.655,4.579,4.579,0
2002-09-26,4.53,4.53,4.485,4.505,0
2002-09-27,4.487,4.487,4.487,4.487,66
2002-09-30,4.53,4.53,4.53,4.53,0
2002-10-01,4.47,4.47,4.47,4.47,106
2002-10-02,4.47,4.47,4.47,4.47,0
2002-10-03,4.47,4.47,4.47,4.47,0
2002-10-04,4.475,4.475,4.475,4.475,120
2002-10-07,4.438,4.438,4.438,4.438,0
2002-10-08,4.361,4.361,4.361,4.361,3
2002-10-09,4.315,4.34,4.315,4.338,0
2002-10-10,4.273,4.273,4.273,4.273,71
2002-10-11,4.3,4.308,4.3,4.308,0
2002-10-14,4.298,4.298,4.298,4.298,0
2002-10-15,4.311,4.311,4.311,4.311,0
2002-10-16,4.358,4.358,4.358,4.358,0
2002-10-17,4.333,4.333,4.333,4.333,115
2002-10-18,4.34,4.352,4.34,4.352,0
2002-10-21,4.344,4.344,4.344,4.344,0
2002-10-22,4.404,4.404,4.404,4.404,0
2002-10-23,4.399,4.399,4.399,4.399,1
2002-10-24,4.35,4.354,4.35,4.354,0
2002-10-25,4.399,4.399,4.399,4.399,0
2002-10-28,4.404,4.404,4.404,4.404,0
2002-10-29,4.502,4.502,4.502,4.502,0
2002-10-30,4.479,4.479,4.479,4.479,0
2002-10-31,4.499,4.499,4.499,4.499,0
2002-11-01,4.484,4.484,4.484,4.484,0
2002-11-04,4.481,4.481,4.481,4.481,0
2002-11-05,4.489,4.489,4.489,4.489,0
2002-11-06,4.477,4.477,4.47,4.477,0
2002-11-07,4.544,4.544,4.544,4.544,0
2002-11-08,4.526,4.526,4.526,4.526,6
2002-11-11,4.56,4.566,4.56,4.566,0
2002-11-12,4.594,4.594,4.594,4.594,0
2002-11-13,4.554,4.604,4.554,4.554,0
2002-11-14,4.556,4.556,4.556,4.556,0
2002-11-15,4.573,4.573,4.573,4.573,0
2002-11-18,4.535,4.535,4.535,4.535,0
2002-11-19,4.545,4.545,4.545,4.545,0
2002-11-20,4.533,4.533,4.533,4.533,0
2002-11-21,4.466,4.466,4.466,4.466,0
2002-11-22,4.541,4.541,4.541,4.541,0
2002-11-25,4.471,4.471,4.471,4.471,13830
2002-11-26,4.475,4.49,4.425,4.433,0
2002-11-27,4.435,4.445,4.405,4.414,1361
2002-12-02,4.425,4.435,4.4,4.422,266
2002-12-03,4.44,4.532,4.435,4.532,95
2002-12-04,4.57,4.59,4.545,4.559,116
2002-12-05,4.555,4.65,4.555,4.622,46
2002-12-06,4.68,4.68,4.595,4.632,41
2002-12-09,4.6,4.61,4.54,4.6,43
2002-12-10,4.595,4.625,4.585,4.608,50
2002-12-11,4.62,4.66,4.605,4.634,62
2002-12-12,4.645,4.75,4.64,4.744,72
2002-12-13,4.75,4.78,4.67,4.704,123
2002-12-16,4.69,4.725,4.66,4.702,55
2002-12-17,4.725,4.74,4.615,4.64,12
2002-12-18,4.63,4.67,4.61,4.665,464
2002-12-19,4.73,4.735,4.7,4.725,41
2002-12-20,4.61,4.63,4.61,4.63,298
2002-12-23,4.655,4.655,4.63,4.653,9
2002-12-24,4.67,4.67,4.635,4.657,7
2002-12-26,4.705,4.705,4.7,4.7,0
2002-12-27,4.68,4.712,4.68,4.712,5
2002-12-30,4.7,4.7,4.662,4.662,3
2002-12-31,4.801,4.801,4.801,4.801,0
2003-01-02,4.812,4.812,4.812,4.812,0
2003-01-03,4.892,4.892,4.892,4.892,2
2003-01-06,4.88,4.899,4.88,4.899,23
2003-01-07,4.88,4.88,4.804,4.804,0
2003-01-08,4.856,4.856,4.856,4.856,31
2003-01-09,4.844,4.844,4.844,4.844,569
2003-01-10,4.859,4.859,4.859,4.859,5
2003-01-13,4.83,4.83,4.828,4.828,6
2003-01-14,4.78,4.78,4.753,4.753,0
2003-01-15,4.768,4.768,4.768,4.768,0
2003-01-16,4.823,4.823,4.823,4.823,0
2003-01-17,4.798,4.798,4.798,4.798,0
2003-01-21,4.808,4.808,4.808,4.808,0
2003-01-22,4.836,4.836,4.836,4.836,8
2003-01-23,4.76,4.78,4.76,4.775,0
2003-01-24,4.875,4.875,4.875,4.875,0
2003-01-27,4.825,4.825,4.825,4.825,6
2003-01-28,4.865,4.865,4.865,4.865,0
2003-01-29,4.8,4.8,4.8,4.8,14
2003-01-30,4.87,4.87,4.863,4.863,0
2003-01-31,4.853,4.853,4.853,4.853,0
2003-02-03,4.828,4.828,4.828,4.828,0
2003-02-04,4.911,4.911,4.911,4.911,0
2003-02-05,4.761,4.761,4.761,4.761,0
2003-02-06,4.673,4.673,4.673,4.673,0
2003-02-07,4.646,4.646,4.646,4.646,0
2003-02-10,4.596,4.596,4.596,4.596,0
2003-02-11,4.566,4.566,4.566,4.566,3
2003-02-12,4.55,4.55,4.503,4.503,0
2003-02-13,4.529,4.529,4.529,4.529,33
2003-02-14,4.54,4.54,4.531,4.531,0
2003-02-18,4.551,4.551,4.551,4.551,0
2003-02-19,4.623,4.623,4.623,4.623,0
2003-02-20,4.66,4.66,4.66,4.66,0
2003-02-21,4.663,4.663,4.663,4.663,0
2003-02-24,4.713,4.713,4.713,4.713,0
2003-02-25,4.64,4.64,4.64,4.64,0
2003-02-26,4.655,4.655,4.655,4.655,10511
2003-02-27,4.65,4.67,4.55,4.561,2127
2003-02-28,4.56,4.645,4.54,4.585,243
2003-03-03,4.58,4.66,4.575,4.657,203
2003-03-04,4.65,4.69,4.645,4.657,157
2003-03-05,4.67,4.67,4.6,4.622,129
2003-03-06,4.62,4.69,4.615,4.661,28
2003-03-07,4.675,4.685,4.62,4.676,18
2003-03-10,4.685,4.685,4.66,4.668,9
2003-03-11,4.675,4.678,4.67,4.678,17
2003-03-12,4.66,4.66,4.623,4.623,88
2003-03-13,4.57,4.57,4.51,4.528,9
2003-03-14,4.5,4.527,4.5,4.527,20
2003-03-17,4.58,4.58,4.439,4.439,17
2003-03-18,4.47,4.49,4.45,4.452,33
2003-03-19,4.48,4.48,4.4,4.409,190
2003-03-20,4.41,4.44,4.38,4.408,58
2003-03-21,4.39,4.405,4.346,4.346,115
2003-03-24,4.38,4.38,4.35,4.359,42
2003-03-25,4.375,4.42,4.35,4.386,7
2003-03-26,4.415,4.415,4.38,4.391,0
2003-03-27,4.42,4.42,4.386,4.386,2
2003-03-28,4.415,4.429,4.415,4.429,0
2003-03-31,4.461,4.461,4.461,4.461,0
2003-04-01,4.433,4.433,4.433,4.433,0
2003-04-02,4.398,4.398,4.398,4.398,0
2003-04-03,4.409,4.409,4.409,4.409,0
2003-04-04,4.411,4.411,4.411,4.411,0
2003-04-07,4.419,4.419,4.419,4.419,0
2003-04-08,4.474,4.474,4.474,4.474,7
2003-04-09,4.45,4.479,4.45,4.479,0
2003-04-10,4.486,4.486,4.486,4.486,0
2003-04-11,4.489,4.489,4.489,4.489,6
2003-04-14,4.5,4.534,4.5,4.534,0
2003-04-15,4.519,4.519,4.519,4.519,0
2003-04-16,4.481,4.481,4.481,4.481,0
2003-04-17,4.466,4.466,4.466,4.466,2
2003-04-21,4.46,4.531,4.46,4.531,0
2003-04-22,4.593,4.593,4.593,4.593,0
2003-04-23,4.623,4.623,4.623,4.623,0
2003-04-24,4.643,4.643,4.643,4.643,0
2003-04-25,4.63,4.63,4.63,4.63,0
2003-04-28,4.578,4.578,4.578,4.578,18661
2003-04-29,4.58,4.58,4.545,4.548,10571
2003-04-30,4.548,4.66,4.545,4.638,1269
2003-05-01,4.655,4.765,4.65,4.761,513
2003-05-02,4.75,4.8,4.74,4.784,263
2003-05-05,4.8,4.802,4.78,4.802,34
2003-05-06,4.79,4.805,4.787,4.787,164
2003-05-07,4.76,4.765,4.729,4.729,30
2003-05-08,4.73,4.84,4.73,4.789,229
2003-05-09,4.787,4.787,4.787,4.787,1
2003-05-12,4.785,4.87,4.78,4.861,61
2003-05-13,4.86,4.86,4.814,4.814,43
2003-05-14,4.82,4.88,4.82,4.864,9
2003-05-15,4.84,4.84,4.75,4.772,19
2003-05-16,4.782,4.782,4.782,4.782,1
2003-05-19,4.815,4.84,4.812,4.812,1
2003-05-20,4.815,4.815,4.755,4.764,31
2003-05-21,4.715,4.76,4.715,4.717,90
2003-05-22,4.71,4.71,4.654,4.654,10
2003-05-23,4.67,4.67,4.625,4.639,166
2003-05-27,4.665,4.665,4.619,4.619,69
2003-05-28,4.6,4.634,4.58,4.634,3
2003-05-29,4.568,4.568,4.568,4.568,3
2003-05-30,4.526,4.526,4.526,4.526,3
2003-06-02,4.501,4.501,4.501,4.501,3
2003-06-03,4.5,4.504,4.49,4.504,4
2003-06-04,4.494,4.494,4.494,4.494,4
2003-06-05,4.494,4.494,4.494,4.494,4
2003-06-06,4.538,4.538,4.538,4.538,4
2003-06-09,4.511,4.511,4.511,4.511,4
2003-06-10,4.463,4.463,4.463,4.463,4
2003-06-11,4.493,4.493,4.493,4.493,4
2003-06-12,4.5,4.5,4.5,4.5,30
2003-06-13,4.65,4.65,4.57,4.57,1
2003-06-16,4.607,4.607,4.607,4.607,1
2003-06-17,4.605,4.605,4.605,4.605,1
2003-06-18,4.555,4.555,4.555,4.555,1
2003-06-19,4.567,4.567,4.567,4.567,9749
2003-06-20,4.525,4.525,4.525,4.525,9749
2003-06-23,4.52,4.555,4.52,4.555,1
2003-06-24,4.512,4.512,4.512,4.512,1
2003-06-25,4.562,4.562,4.562,4.562,1
2003-06-26,4.52,4.52,4.52,4.52,15808
2003-06-27,4.52,4.545,4.49,4.505,11044
2003-06-30,4.505,4.557,4.495,4.557,2109
2003-07-01,4.55,4.595,4.545,4.574,425
2003-07-02,4.58,4.675,4.525,4.634,171
2003-07-03,4.635,4.685,4.615,4.682,123
2003-07-07,4.68,4.73,4.655,4.728,211
2003-07-08,4.72,4.76,4.72,4.736,172
2003-07-09,4.75,4.846,4.75,4.816,344
2003-07-10,4.81,4.88,4.808,4.808,230
2003-07-11,4.8,4.825,4.798,4.798,39
2003-07-14,4.78,4.8,4.76,4.79,101
2003-07-15,4.78,4.78,4.651,4.651,19
2003-07-16,4.64,4.68,4.64,4.656,158
2003-07-17,4.68,4.68,4.67,4.67,233
2003-07-18,4.715,4.724,4.705,4.724,5
2003-07-21,4.76,4.765,4.744,4.744,7
2003-07-22,4.795,4.795,4.784,4.784,7
2003-07-23,4.94,5.064,4.9,5.064,157
2003-07-24,5.05,5.175,5.05,5.105,212
2003-07-25,5.05,5.08,5.05,5.07,25
2003-07-28,5.12,5.19,5.12,5.19,4
2003-07-29,5.15,5.162,5.15,5.162,1
2003-07-30,5.056,5.056,5.056,5.056,1
2003-07-31,5.116,5.116,5.116,5.116,1
2003-08-01,5.093,5.093,5.093,5.093,1
2003-08-04,5.016,5.016,5.016,5.016,1
2003-08-05,4.936,4.936,4.936,4.936,1
2003-08-06,4.966,4.966,4.966,4.966,1
2003-08-07,5.034,5.034,5.034,5.034,1
2003-08-08,4.988,4.988,4.988,4.988,1
2003-08-11,4.996,4.996,4.996,4.996,1
2003-08-12,4.82,4.858,4.82,4.858,2
2003-08-13,5.026,5.026,5.026,5.026,2
2003-08-14,5.031,5.031,5.031,5.031,2
2003-08-15,4.923,4.923,4.923,4.923,2
2003-08-18,4.923,4.923,4.923,4.923,2
2003-08-19,4.991,4.991,4.991,4.991,2
2003-08-20,5.018,5.018,5.018,5.018,2
2003-08-21,4.941,4.941,4.941,4.941,2
2003-08-22,4.993,4.993,4.993,4.993,2
2003-08-25,4.988,4.988,4.988,4.988,2
2003-08-26,4.998,4.998,4.998,4.998,2
2003-08-27,5.127,5.127,5.127,5.127,21438
2003-08-28,5.125,5.14,5.065,5.128,7543
2003-08-29,5.115,5.18,5.095,5.109,1559
2003-09-02,5.135,5.17,4.97,4.988,496
2003-09-03,4.99,5.07,4.975,5.06,588
2003-09-04,5.065,5.065,5.01,5.016,163
2003-09-05,5.02,5.15,5.02,5.129,236
2003-09-08,5.1,5.12,5.089,5.089,81
2003-09-09,5.12,5.3,5.12,5.247,121
2003-09-10,5.26,5.28,5.205,5.247,213
2003-09-11,5.275,5.365,5.26,5.327,123
2003-09-12,5.34,5.345,5.199,5.199,56
2003-09-15,5.22,5.22,5.09,5.193,49
2003-09-16,5.22,5.22,5.2,5.213,65
2003-09-17,5.24,5.29,5.24,5.279,518
2003-09-18,5.35,5.35,5.185,5.255,136
2003-09-19,5.26,5.295,5.26,5.282,15
2003-09-22,5.345,5.345,5.265,5.265,39
2003-09-23,5.25,5.255,5.235,5.235,96
2003-09-24,5.26,5.32,5.24,5.302,123
2003-09-25,5.34,5.36,5.18,5.214,324
2003-09-26,5.235,5.235,5.137,5.137,5
2003-09-29,5.2,5.2,5.04,5.07,4
2003-09-30,5.137,5.137,5.137,5.137,4
2003-10-01,5.1,5.1,5.1,5.1,4
2003-10-02,5.095,5.095,5.095,5.095,20
2003-10-03,4.83,4.83,4.83,4.83,20
2003-10-06,4.81,4.81,4.81,4.81,2
2003-10-07,4.87,4.875,4.84,4.875,3
2003-10-08,4.85,4.865,4.85,4.865,71
2003-10-09,4.805,4.837,4.805,4.837,22
2003-10-10,4.905,4.905,4.905,4.905,22
2003-10-13,4.975,4.975,4.975,4.975,22
2003-10-14,4.927,4.927,4.927,4.927,22
2003-10-15,4.942,4.942,4.942,4.942,22
2003-10-16,4.917,4.917,4.917,4.917,22
2003-10-17,4.935,4.935,4.935,4.935,22
2003-10-20,5.0,5.0,5.0,5.0,22
2003-10-21,5.063,5.063,5.063,5.063,22
2003-10-22,5.13,5.13,5.13,5.13,22
2003-10-23,5.17,5.17,5.167,5.167,4
2003-10-24,5.16,5.16,5.16,5.16,4
2003-10-27,5.187,5.187,5.187,5.187,4
2003-10-28,5.15,5.15,5.092,5.092,2
2003-10-29,5.139,5.139,5.139,5.139,10
2003-10-30,5.129,5.129,5.129,5.129,10
2003-10-31,5.059,5.059,5.059,5.059,10
2003-11-03,4.921,4.921,4.921,4.921,10
2003-11-04,5.024,5.024,5.024,5.024,10
2003-11-05,4.979,4.979,4.979,4.979,10
2003-11-06,4.951,4.951,4.951,4.951,10
2003-11-07,5.052,5.052,5.052,5.052,10
2003-11-10,5.055,5.086,5.055,5.086,20
2003-11-11,5.063,5.063,5.063,5.063,20
2003-11-12,5.331,5.331,5.331,5.331,20
2003-11-13,5.291,5.291,5.291,5.291,20
2003-11-14,5.411,5.411,5.411,5.411,20
2003-11-17,5.223,5.223,5.223,5.223,20
2003-11-18,5.363,5.363,5.363,5.363,20
2003-11-19,5.266,5.266,5.266,5.266,20
2003-11-20,5.258,5.258,5.258,5.258,20
2003-11-21,5.291,5.291,5.291,5.291,20
2003-11-24,5.28,5.28,5.241,5.241,32784
2003-11-25,5.25,5.335,5.19,5.298,27851
2003-11-26,5.29,5.39,5.29,5.355,3905
2003-12-01,5.36,5.55,5.355,5.445,918
2003-12-02,5.47,5.51,5.43,5.496,293
2003-12-03,5.48,5.505,5.43,5.468,158
2003-12-04,5.47,5.475,5.36,5.452,838
2003-12-05,5.41,5.52,5.41,5.472,322
2003-12-08,5.49,5.55,5.47,5.54,140
2003-12-09,5.56,5.65,5.56,5.635,205
2003-12-10,5.635,5.69,5.6,5.6,244
2003-12-11,5.55,5.6,5.52,5.579,65
2003-12-12,5.63,5.64,5.61,5.622,46
2003-12-15,5.6,5.645,5.58,5.639,25
2003-12-16,5.665,5.67,5.629,5.629,34
2003-12-17,5.64,5.7,5.64,5.692,28
2003-12-18,5.71,5.72,5.65,5.712,56
2003-12-19,5.71,5.725,5.68,5.722,51
2003-12-22,5.72,5.72,5.709,5.709,12
2003-12-23,5.73,5.74,5.715,5.735,51
2003-12-24,5.75,5.79,5.75,5.78,38
2003-12-29,5.88,5.917,5.88,5.917,2
2003-12-30,5.93,5.983,5.93,5.983,14
2003-12-31,5.953,5.953,5.953,5.953,14
2004-01-05,6.2,6.233,6.15,6.233,5
2004-01-06,6.3,6.316,6.26,6.316,9
2004-01-07,6.251,6.251,6.251,6.251,9
2004-01-08,6.24,6.261,6.24,6.261,2
2004-01-09,6.485,6.485,6.485,6.485,30
2004-01-12,6.66,6.67,6.605,6.605,2
2004-01-13,6.51,6.587,6.51,6.587,7
2004-01-14,6.422,6.422,6.422,6.422,126
2004-01-15,6.25,6.25,6.205,6.205,6
2004-01-16,6.322,6.322,6.322,6.322,6
2004-01-20,6.36,6.36,6.315,6.315,3
2004-01-21,6.2,6.2,6.2,6.2,3
2004-01-22,6.275,6.342,6.275,6.342,40
2004-01-23,6.325,6.355,6.26,6.355,156
2004-01-26,6.3,6.307,6.3,6.307,40
2004-01-27,6.55,6.55,6.55,6.55,40
2004-01-28,6.52,6.625,6.52,6.625,3
2004-01-29,6.226,6.226,6.226,6.226,3
2004-01-30,6.246,6.246,6.246,6.246,3
2004-02-02,6.04,6.246,6.04,6.04,2
2004-02-03,6.121,6.121,6.121,6.121,240
2004-02-04,6.115,6.145,6.115,6.145,11
2004-02-05,6.15,6.155,6.12,6.12,22
2004-02-06,6.28,6.28,6.275,6.275,2
2004-02-09,6.27,6.425,6.27,6.425,2
2004-02-10,6.385,6.385,6.385,6.385,2
2004-02-11,6.555,6.555,6.555,6.555,2
2004-02-12,6.545,6.617,6.54,6.617,10
2004-02-13,6.579,6.579,6.579,6.579,10
2004-02-17,6.777,6.777,6.777,6.777,20
2004-02-18,6.697,6.697,6.697,6.697,20
2004-02-19,6.655,6.655,6.655,6.655,20
2004-02-20,6.53,6.53,6.53,6.53,20
2004-02-23,6.487,6.487,6.487,6.487,20
2004-02-24,6.619,6.619,6.619,6.619,20
2004-02-25,6.55,6.55,6.532,6.532,32373
2004-02-26,6.535,6.75,6.3,6.708,15921
2004-02-27,6.7,6.78,6.555,6.696,2845
2004-03-01,6.7,7.02,6.7,6.928,596
2004-03-02,6.935,6.965,6.69,6.71,418
2004-03-03,6.71,6.77,6.57,6.743,2041
2004-03-04,6.76,6.775,6.71,6.759,208
2004-03-05,6.79,6.99,6.79,6.981,175
2004-03-08,6.945,7.07,6.89,6.974,422
2004-03-09,6.995,7.19,6.93,7.166,91
2004-03-10,7.235,7.26,7.085,7.171,179
2004-03-11,7.15,7.24,7.08,7.181,80
2004-03-12,7.12,7.12,7.0,7.051,113
2004-03-15,7.055,7.165,7.055,7.128,8
2004-03-16,7.165,7.165,7.15,7.155,64
2004-03-17,7.15,7.248,7.15,7.248,14
2004-03-18,7.46,7.47,7.425,7.453,26
2004-03-19,7.45,7.59,7.45,7.551,24
2004-03-22,7.71,7.71,7.6,7.618,44
2004-03-23,7.655,7.698,7.565,7.698,31
2004-03-24,7.57,7.72,7.57,7.64,30
2004-03-25,7.51,7.62,7.51,7.592,120
2004-03-26,7.565,7.75,7.53,7.707,128
2004-03-29,7.7,7.7,7.615,7.615,110
2004-03-30,7.766,7.766,7.76,7.766,1
2004-03-31,7.936,7.936,7.936,7.936,1
2004-04-01,8.075,8.139,8.075,8.139,1
2004-04-02,8.146,8.146,8.146,8.146,2
2004-04-05,8.108,8.108,8.108,8.108,2
2004-04-06,8.211,8.211,8.21,8.211,2
2004-04-07,8.185,8.185,8.185,8.185,310
2004-04-08,8.085,8.085,8.085,8.085,310
2004-04-12,8.105,8.105,8.025,8.025,3
2004-04-13,7.43,7.445,7.43,7.445,2
2004-04-14,7.0,7.0,7.0,7.0,2
2004-04-15,7.073,7.073,7.073,7.073,2
2004-04-16,7.14,7.14,7.14,7.14,2
2004-04-19,7.205,7.205,7.205,7.205,2
2004-04-20,6.94,6.94,6.94,6.94,2
2004-04-21,6.165,6.165,6.165,6.165,2
2004-04-22,6.023,6.023,6.023,6.023,2
2004-04-23,6.13,6.158,6.13,6.158,22
2004-04-26,6.168,6.168,6.168,6.168,22
2004-04-27,6.23,6.23,6.23,6.23,2
2004-04-28,5.9,5.9,5.867,5.867,25528
2004-04-29,5.87,5.985,5.545,5.82,18643
2004-04-30,5.84,6.15,5.84,6.078,2984
2004-05-03,6.07,6.11,5.9,6.016,290
2004-05-04,6.045,6.16,6.025,6.037,394
2004-05-05,6.095,6.145,6.03,6.104,111
2004-05-06,6.0,6.02,5.78,5.819,233
2004-05-07,5.75,5.89,5.57,5.589,105
2004-05-10,5.555,5.756,5.495,5.756,116
2004-05-11,5.7,5.705,5.514,5.514,14
2004-05-12,5.61,5.665,5.54,5.556,96
2004-05-13,5.535,5.65,5.52,5.607,149
2004-05-14,5.74,5.74,5.66,5.721,162
2004-05-17,5.82,5.82,5.668,5.668,51
2004-05-18,5.685,5.73,5.673,5.673,163
2004-05-19,5.71,5.92,5.71,5.92,14
2004-05-20,5.82,5.855,5.773,5.773,24
2004-05-21,5.86,5.925,5.86,5.863,15
2004-05-24,5.835,6.0,5.835,5.99,18
2004-05-25,6.07,6.078,6.06,6.078,11
2004-05-26,6.15,6.15,6.048,6.048,11
2004-05-27,6.09,6.19,6.09,6.19,1
2004-05-28,6.105,6.105,6.105,6.105,6
2004-06-01,6.05,6.05,6.05,6.05,0
2004-06-02,5.833,5.833,5.833,5.833,0
2004-06-03,5.728,5.728,5.728,5.728,0
2004-06-04,5.803,5.803,5.803,5.803,0
2004-06-07,5.894,5.894,5.894,5.894,0
2004-06-08,5.764,5.764,5.764,5.764,0
2004-06-09,5.628,5.628,5.628,5.628,1
2004-06-10,5.745,5.745,5.745,5.745,50
2004-06-14,5.655,5.655,5.655,5.655,0
2004-06-15,5.732,5.732,5.723,5.732,10
2004-06-16,5.722,5.722,5.722,5.722,10
2004-06-17,5.922,5.922,5.922,5.922,0
2004-06-18,5.981,5.981,5.981,5.981,0
2004-06-21,5.858,5.858,5.858,5.858,0
2004-06-22,5.865,5.865,5.865,5.865,0
2004-06-23,5.873,5.873,5.873,5.873,0
2004-06-24,6.173,6.173,6.173,6.173,0
2004-06-25,6.125,6.125,6.125,6.125,0
2004-06-28,5.897,5.897,5.897,5.897,18894
2004-06-29,5.908,5.95,5.8,5.853,16242
2004-06-30,5.84,5.99,5.73,5.776,2277
2004-07-01,5.835,5.955,5.83,5.935,2277
2004-07-02,5.93,6.05,5.92,5.998,466
2004-07-06,6.01,6.065,5.9,5.964,171
2004-07-07,5.98,6.14,5.98,6.11,446
2004-07-08,6.115,6.42,6.115,6.42,161
2004-07-09,6.405,6.54,6.4,6.461,391
2004-07-12,6.55,6.55,6.47,6.528,39
2004-07-13,6.51,6.51,6.28,6.378,43
2004-07-14,6.435,6.598,6.435,6.598,40
2004-07-15,6.61,6.655,6.57,6.652,129
2004-07-16,6.75,6.75,6.712,6.712,17
2004-07-19,6.69,6.69,6.587,6.587,10
2004-07-20,6.635,6.635,6.49,6.599,36
2004-07-21,6.5,6.5,6.35,6.397,120
2004-07-22,6.475,6.475,6.418,6.418,9
2004-07-23,6.26,6.334,6.26,6.334,32
2004-07-26,6.31,6.31,6.16,6.234,52
2004-07-27,6.3,6.3,6.237,6.237,29
2004-07-28,6.23,6.363,6.23,6.363,10
2004-07-29,6.38,6.38,6.345,6.345,10
2004-07-30,6.55,6.55,6.55,6.55,2
2004-08-02,6.61,6.61,6.61,6.61,2
2004-08-03,6.675,6.675,6.675,6.675,2
2004-08-04,6.727,6.727,6.727,6.727,2
2004-08-05,6.74,6.74,6.74,6.74,2
2004-08-06,6.767,6.767,6.767,6.767,1
2004-08-09,6.729,6.729,6.729,6.729,1
2004-08-10,6.714,6.714,6.714,6.714,15
2004-08-11,6.519,6.519,6.519,6.519,0
2004-08-12,6.549,6.549,6.549,6.549,0
2004-08-13,6.617,6.617,6.617,6.617,0
2004-08-16,6.73,6.73,6.73,6.73,0
2004-08-17,6.723,6.723,6.723,6.723,0
2004-08-18,6.83,6.83,6.83,6.83,0
2004-08-19,6.9,6.9,6.815,6.815,6
2004-08-20,6.87,6.87,6.866,6.866,2
2004-08-23,6.741,6.741,6.741,6.741,2
2004-08-24,6.574,6.574,6.574,6.574,0
2004-08-25,6.61,6.61,6.61,6.61,0
2004-08-26,6.675,6.675,6.675,6.675,0
2004-08-27,6.588,6.588,6.588,6.588,19828
2004-08-30,6.605,6.84,6.59,6.705,12024
2004-08-31,6.705,6.8,6.66,6.771,2588
2004-09-01,6.735,6.82,6.7,6.793,682
2004-09-02,6.785,6.8,6.75,6.768,703
2004-09-03,6.76,6.765,6.5,6.553,281
2004-09-07,6.585,6.585,6.185,6.199,365
2004-09-08,6.22,6.24,6.1,6.178,202
2004-09-09,6.195,6.195,6.065,6.154,62
2004-09-10,6.14,6.24,6.133,6.133,115
2004-09-13,6.11,6.21,6.08,6.183,26
2004-09-14,6.2,6.29,6.199,6.199,113
2004-09-15,6.215,6.271,6.215,6.271,12
2004-09-16,6.305,6.305,6.23,6.289,20
2004-09-17,6.259,6.259,6.259,6.259,1
2004-09-20,6.23,6.252,6.22,6.252,54
2004-09-21,6.325,6.355,6.31,6.346,5
2004-09-22,6.351,6.351,6.351,6.351,26
2004-09-23,6.35,6.646,6.35,6.446,15
2004-09-24,6.45,6.45,6.405,6.405,15
2004-09-27,6.42,6.55,6.42,6.529,19
2004-09-28,6.65,6.65,6.592,6.592,2
2004-09-29,6.61,6.673,6.61,6.673,7
2004-09-30,6.916,6.916,6.916,6.916,1
2004-10-01,6.918,6.918,6.918,6.918,50
2004-10-04,6.74,6.74,6.74,6.74,50
2004-10-05,7.079,7.079,7.079,7.079,1
2004-10-06,7.222,7.222,7.222,7.222,1
2004-10-07,7.194,7.194,7.194,7.194,1
2004-10-08,7.26,7.273,7.26,7.273,2
2004-10-11,7.23,7.23,7.23,7.23,30
2004-10-12,7.033,7.033,7.033,7.033,30
2004-10-13,6.878,6.878,6.878,6.878,2
2004-10-14,7.036,7.036,7.036,7.036,2
2004-10-15,7.091,7.091,7.019,7.091,2
2004-10-18,6.968,6.968,6.968,6.968,2
2004-10-19,7.176,7.176,7.176,7.176,25
2004-10-20,7.333,7.333,7.33,7.333,105
2004-10-21,7.291,7.291,7.291,7.291,105
2004-10-22,7.314,7.314,7.314,7.314,105
2004-10-25,7.361,7.361,7.361,7.361,105
2004-10-26,7.34,7.34,7.321,7.321,2
2004-10-27,7.187,7.187,7.187,7.187,130
2004-10-28,7.179,7.187,7.179,7.187,2
2004-10-29,7.292,7.292,7.292,7.292,0
2004-11-01,7.317,7.317,7.317,7.317,0
2004-11-02,7.007,7.007,7.007,7.007,0
2004-11-03,7.145,7.145,7.145,7.145,0
2004-11-04,7.371,7.371,7.371,7.371,0
2004-11-05,7.493,7.493,7.493,7.493,0
2004-11-08,7.477,7.477,7.477,7.477,0
2004-11-09,7.525,7.525,7.525,7.525,0
2004-11-10,7.412,7.412,7.412,7.412,0
2004-11-11,7.47,7.47,7.47,7.47,0
2004-11-12,7.615,7.615,7.615,7.615,0
2004-11-15,7.567,7.567,7.567,7.567,0
2004-11-16,7.589,7.589,7.58,7.589,0
2004-11-17,7.662,7.662,7.662,7.662,0
2004-11-18,7.549,7.549,7.549,7.549,0
2004-11-19,7.597,7.597,7.597,7.597,0
2004-11-22,7.58,7.58,7.569,7.569,24
2004-11-23,7.553,7.553,7.553,7.553,0
2004-11-24,7.612,7.612,7.612,7.612,25915
2004-11-29,7.64,7.795,7.605,7.77,25461
2004-11-30,7.755,7.82,7.66,7.723,2865
2004-12-01,7.715,8.08,7.71,8.026,708
2004-12-02,8.03,8.19,7.87,7.908,460
2004-12-03,7.91,8.03,7.85,7.996,523
2004-12-06,8.02,8.02,7.88,7.916,214
2004-12-07,7.89,7.925,7.81,7.838,461
2004-12-08,7.82,7.82,7.0,7.102,609
2004-12-09,7.185,7.185,6.66,6.76,322
2004-12-10,6.8,6.8,6.605,6.706,138
2004-12-13,6.7,6.89,6.7,6.793,53
2004-12-14,6.83,6.83,6.6,6.718,60
2004-12-15,6.83,6.94,6.81,6.843,71
2004-12-16,6.86,6.86,6.65,6.69,124
2004-12-17,6.68,6.77,6.68,6.766,37
2004-12-20,6.845,6.845,6.83,6.83,1
2004-12-21,6.83,6.895,6.83,6.895,18
2004-12-22,6.87,6.87,6.803,6.803,2
2004-12-23,6.94,6.94,6.883,6.883,11
2004-12-27,7.065,7.065,6.973,6.973,64
2004-12-28,6.99,7.04,6.99,7.026,6
2004-12-29,6.797,6.797,6.797,6.797,42
2004-12-30,6.8,6.807,6.8,6.807,42
2005-01-03,6.74,6.74,6.477,6.477,2
2005-01-04,6.45,6.45,6.427,6.427,1
2005-01-05,6.512,6.512,6.512,6.512,51
2005-01-06,6.433,6.433,6.433,6.433,1
2005-01-07,6.44,6.44,6.415,6.429,216
2005-01-10,6.43,6.431,6.415,6.431,6
2005-01-11,6.615,6.623,6.615,6.623,2
2005-01-12,6.7,6.728,6.7,6.728,101
2005-01-13,6.73,6.73,6.73,6.73,101
2005-01-14,6.58,6.58,6.58,6.58,0
2005-01-18,6.64,6.64,6.64,6.64,0
2005-01-19,6.61,6.61,6.61,6.61,0
2005-01-20,6.543,6.543,6.543,6.543,0
2005-01-21,6.797,6.797,6.797,6.797,0
2005-01-24,6.79,6.89,6.79,6.845,8
2005-01-25,6.67,6.67,6.67,6.67,0
2005-01-26,6.793,6.793,6.793,6.793,0
2005-01-27,6.808,6.808,6.808,6.808,0
2005-01-28,6.785,6.785,6.785,6.785,0
2005-01-31,6.737,6.737,6.737,6.737,0
2005-02-01,6.72,6.72,6.72,6.72,0
2005-02-02,6.74,6.74,6.74,6.74,0
2005-02-03,6.667,6.667,6.667,6.667,0
2005-02-04,6.625,6.625,6.625,6.625,0
2005-02-07,6.52,6.545,6.52,6.545,1
2005-02-08,6.547,6.547,6.547,6.547,1
2005-02-09,6.581,6.581,6.581,6.581,0
2005-02-10,6.956,6.956,6.956,6.956,0
2005-02-11,7.201,7.201,7.201,7.201,0
2005-02-14,7.21,7.333,7.21,7.333,6
2005-02-15,7.353,7.353,7.353,7.353,0
2005-02-16,7.248,7.248,7.248,7.248,0
2005-02-17,7.365,7.365,7.365,7.365,0
2005-02-18,7.413,7.413,7.413,7.413,0
2005-02-22,7.517,7.517,7.517,7.517,0
2005-02-23,7.441,7.441,7.441,7.441,0
2005-02-24,7.381,7.381,7.381,7.381,36097
2005-02-25,7.365,7.375,7.19,7.291,15964
2005-02-28,7.32,7.42,7.29,7.359,8070
2005-03-01,7.345,7.345,7.17,7.229,988
2005-03-02,7.235,7.34,7.1,7.307,305
2005-03-03,7.325,7.33,7.21,7.229,250
2005-03-04,7.23,7.39,7.18,7.349,206
2005-03-07,7.365,7.39,7.29,7.359,147
2005-03-08,7.53,7.54,7.48,7.502,60
2005-03-09,7.535,7.64,7.465,7.604,83
2005-03-10,7.575,7.59,7.492,7.492,142
2005-03-11,7.41,7.575,7.41,7.535,38
2005-03-14,7.46,7.46,7.35,7.38,190
2005-03-15,7.43,7.43,7.34,7.377,129
2005-03-16,7.4,7.44,7.37,7.425,264
2005-03-17,7.42,7.42,7.31,7.385,477
2005-03-18,7.335,7.377,7.29,7.377,18
2005-03-21,7.38,7.38,7.08,7.097,592
2005-03-22,7.09,7.15,7.07,7.07,117
2005-03-23,6.965,7.02,6.93,6.977,46
2005-03-24,6.95,6.95,6.933,6.933,51
2005-03-28,6.9,6.94,6.86,6.91,51
2005-03-29,6.93,7.05,6.91,7.012,0
2005-03-31,7.191,7.191,7.191,7.191,51
2005-04-01,6.99,6.99,6.99,6.99,51
2005-04-04,7.02,7.02,7.02,7.02,40
2005-04-05,7.039,7.039,7.039,7.039,40
2005-04-06,7.116,7.116,7.116,7.116,40
2005-04-07,7.071,7.071,7.071,7.071,40
2005-04-08,7.1,7.161,7.1,7.161,2
2005-04-11,7.251,7.251,7.251,7.251,2
2005-04-12,7.151,7.151,7.151,7.151,2
2005-04-13,7.221,7.221,7.221,7.221,2
2005-04-14,7.056,7.056,7.056,7.056,2
2005-04-15,7.018,7.018,7.018,7.018,2
2005-04-18,7.041,7.041,7.041,7.041,2
2005-04-19,7.246,7.246,7.246,7.246,2
2005-04-20,7.333,7.333,7.333,7.333,0
2005-04-21,7.213,7.213,7.213,7.213,12
2005-04-22,7.271,7.271,7.271,7.271,0
2005-04-25,7.256,7.256,7.256,7.256,0
2005-04-26,7.251,7.251,7.251,7.251,0
2005-04-27,7.134,7.134,7.134,7.134,0
2005-04-29,6.902,6.902,6.902,6.902,3866
2005-05-02,6.925,6.945,6.77,6.84,1011
2005-05-03,6.84,6.875,6.8,6.851,1522
2005-05-04,6.91,7.02,6.89,6.982,484
2005-05-05,7.015,7.08,6.97,7.05,453
2005-05-06,7.07,7.07,6.89,6.952,102
2005-05-09,6.98,7.1,6.98,7.067,94
2005-05-10,7.055,7.14,7.04,7.1,55
2005-05-11,7.08,7.09,7.08,7.08,133
2005-05-12,7.0,7.0,6.93,6.948,78
2005-05-13,6.93,6.95,6.89,6.925,70
2005-05-16,6.89,6.95,6.89,6.935,200
2005-05-17,7.05,7.05,7.025,7.025,35
2005-05-18,7.12,7.185,7.06,7.185,112
2005-05-19,7.145,7.145,7.12,7.12,46
2005-05-20,7.0,7.0,6.93,6.935,34
2005-05-23,6.965,7.015,6.95,6.95,7
2005-05-24,7.025,7.025,6.988,6.988,59
2005-05-25,6.99,7.15,6.99,7.123,55
2005-05-26,7.14,7.18,7.14,7.152,1
2005-05-27,7.302,7.302,7.302,7.302,1
2005-05-31,7.444,7.444,7.444,7.444,1
2005-06-01,7.508,7.508,7.508,7.508,1
2005-06-02,7.526,7.526,7.526,7.526,1
2005-06-03,7.58,7.58,7.49,7.49,251
2005-06-06,7.521,7.521,7.521,7.521,251
2005-06-07,7.429,7.429,7.429,7.429,251
2005-06-08,7.458,7.458,7.458,7.458,232
2005-06-09,7.253,7.258,7.253,7.258,232
2005-06-10,7.276,7.276,7.276,7.276,0
2005-06-13,7.253,7.253,7.253,7.253,0
2005-06-14,7.269,7.269,7.269,7.269,0
2005-06-15,7.32,7.32,7.32,7.32,4
2005-06-16,7.36,7.36,7.36,7.36,0
2005-06-17,7.33,7.33,7.33,7.33,0
2005-06-20,7.297,7.297,7.297,7.297,0
2005-06-21,7.287,7.287,7.287,7.287,0
2005-06-22,7.253,7.253,7.253,7.253,0
2005-06-23,7.27,7.27,7.27,7.27,0
2005-06-24,7.235,7.278,7.235,7.278,2
2005-06-27,7.24,7.24,7.24,7.24,78
2005-06-28,7.17,7.17,7.096,7.096,0
2005-06-30,7.028,7.028,7.028,7.028,2049
2005-07-01,7.04,7.045,6.84,6.851,450
2005-07-05,6.87,6.88,6.81,6.83,229
2005-07-06,6.86,6.93,6.86,6.916,156
2005-07-07,6.93,7.05,6.91,6.949,128
2005-07-08,6.95,7.02,6.915,6.994,148
2005-07-11,7.04,7.1,7.04,7.069,85
2005-07-12,7.08,7.09,7.03,7.048,114
2005-07-13,7.04,7.045,7.033,7.033,3
2005-07-14,7.01,7.06,6.9,6.961,172
2005-07-15,6.92,6.98,6.92,6.956,92
2005-07-18,6.94,7.02,6.94,6.974,27
2005-07-19,6.95,6.98,6.94,6.954,72
2005-07-20,7.04,7.05,7.038,7.038,48
2005-07-21,7.15,7.15,7.106,7.106,10
2005-07-22,7.12,7.12,7.08,7.086,32
2005-07-25,7.1,7.12,7.08,7.113,27
2005-07-26,7.075,7.075,6.993,6.993,122
2005-07-27,7.0,7.045,6.95,7.015,122
2005-07-28,7.174,7.174,7.174,7.174,50
2005-07-29,7.238,7.238,7.238,7.238,158
2005-08-01,7.281,7.281,7.281,7.281,158
2005-08-02,7.238,7.238,7.238,7.238,21
2005-08-03,7.284,7.284,7.284,7.284,20
2005-08-04,7.23,7.23,7.23,7.23,96
2005-08-05,7.137,7.137,7.137,7.137,115
2005-08-08,6.996,6.996,6.996,6.996,115
2005-08-09,7.016,7.016,7.016,7.016,5
2005-08-10,7.061,7.061,7.061,7.061,5
2005-08-11,7.169,7.169,7.169,7.169,5
2005-08-12,7.076,7.076,7.076,7.076,5
2005-08-15,6.92,6.953,6.92,6.953,18
2005-08-16,7.033,7.033,7.033,7.033,2
2005-08-17,6.985,6.985,6.985,6.985,2
2005-08-18,6.985,6.99,6.985,6.99,2
2005-08-19,7.0,7.0,7.0,7.0,2
2005-08-22,7.054,7.054,7.054,7.054,2
2005-08-23,6.962,6.962,6.962,6.962,2
2005-08-24,6.918,6.918,6.918,6.918,2
2005-08-25,6.91,6.91,6.828,6.828,6
2005-08-26,6.74,6.74,6.74,6.74,0
2005-08-29,6.73,6.73,6.73,6.73,0
2005-08-30,6.691,6.691,6.691,6.691,0
2005-08-31,6.781,6.781,6.781,6.781,2474
2005-09-01,6.825,6.99,6.81,6.966,499
2005-09-02,6.975,7.035,6.935,7.0,174
2005-09-06,7.0,7.06,6.99,7.031,140
2005-09-07,7.03,7.09,7.015,7.051,74
2005-09-08,7.045,7.09,6.966,6.966,74
2005-09-09,6.955,7.035,6.955,7.003,56
2005-09-12,7.03,7.03,6.965,6.998,92
2005-09-13,6.99,6.995,6.9,6.943,188
2005-09-14,7.0,7.0,6.98,6.986,176
2005-09-15,7.03,7.07,6.94,7.019,41
2005-09-16,7.065,7.229,7.06,7.229,26
2005-09-19,7.35,7.39,7.338,7.338,321
2005-09-20,7.36,7.37,7.29,7.315,3
2005-09-21,7.34,7.355,7.34,7.355,46
2005-09-22,7.35,7.355,7.35,7.353,81
2005-09-23,7.23,7.273,7.23,7.273,37
2005-09-26,7.29,7.335,7.29,7.307,3
2005-09-27,7.32,7.32,7.271,7.271,47
2005-09-28,7.29,7.36,7.28,7.347,98
2005-09-29,7.493,7.493,7.493,7.493,295
2005-09-30,7.458,7.458,7.458,7.458,0
2005-10-03,7.403,7.403,7.403,7.403,114
2005-10-04,7.375,7.375,7.375,7.375,0
2005-10-05,7.428,7.428,7.428,7.428,0
2005-10-06,7.548,7.548,7.548,7.548,0
2005-10-07,7.725,7.725,7.725,7.725,0
2005-10-10,7.799,7.799,7.799,7.799,0
2005-10-11,7.825,7.825,7.825,7.825,300
2005-10-12,7.788,7.788,7.788,7.788,3
2005-10-13,7.67,7.685,7.67,7.685,6
2005-10-14,7.62,7.814,7.62,7.814,1
2005-10-17,7.827,7.827,7.827,7.827,0
2005-10-18,7.74,7.788,7.74,7.788,1
2005-10-19,7.595,7.595,7.595,7.595,117
2005-10-20,7.61,7.613,7.61,7.613,50
2005-10-21,7.655,7.655,7.655,7.655,0
2005-10-24,7.668,7.668,7.668,7.668,0
2005-10-25,7.787,7.787,7.787,7.787,0
2005-10-26,7.825,7.825,7.825,7.825,0
2005-10-27,7.802,7.802,7.802,7.802,0
2005-10-28,7.79,7.79,7.79,7.79,0
2005-10-31,7.55,7.55,7.55,7.55,0
2005-11-01,7.4,7.442,7.4,7.442,4
2005-11-02,7.532,7.532,7.532,7.532,40
2005-11-03,7.597,7.597,7.597,7.597,75
2005-11-04,7.547,7.547,7.547,7.547,0
2005-11-07,7.579,7.579,7.579,7.579,0
2005-11-08,7.601,7.601,7.601,7.601,0
2005-11-09,7.654,7.654,7.654,7.654,40
2005-11-10,7.684,7.684,7.684,7.684,40
2005-11-11,7.739,7.739,7.739,7.739,0
2005-11-14,7.764,7.764,7.764,7.764,0
2005-11-15,7.77,7.77,7.77,7.77,0
2005-11-16,7.986,7.986,7.986,7.986,0
2005-11-17,8.087,8.087,8.087,8.087,100
2005-11-18,8.053,8.053,8.053,8.053,100
2005-11-21,8.121,8.121,8.121,8.121,0
2005-11-22,8.165,8.165,8.165,8.165,100
2005-11-23,8.125,8.125,8.125,8.125,0
2005-11-28,8.3,8.349,8.3,8.349,23826
2005-11-29,8.365,8.365,8.23,8.296,16856
2005-11-30,8.3,8.3,8.175,8.28,3233
2005-12-01,8.275,8.5,8.19,8.499,885
2005-12-02,8.5,8.6,8.46,8.544,799
2005-12-05,8.57,8.64,8.53,8.632,285
2005-12-06,8.615,8.725,8.5,8.692,364
2005-12-07,8.715,8.82,8.715,8.778,246
2005-12-08,8.77,8.92,8.7,8.894,175
2005-12-09,8.89,9.03,8.89,9.0,602
2005-12-12,9.0,9.17,8.655,8.792,229
2005-12-13,8.75,8.775,8.48,8.497,191
2005-12-14,8.47,8.54,8.377,8.377,78
2005-12-15,8.355,8.56,8.355,8.549,47
2005-12-16,8.63,8.645,8.521,8.521,221
2005-12-19,8.605,8.605,8.567,8.567,54
2005-12-20,8.56,8.605,8.3,8.312,13
2005-12-21,8.31,8.353,8.26,8.353,48
2005-12-22,8.4,8.502,8.37,8.502,39
2005-12-23,8.53,8.569,8.5,8.569,12
2005-12-27,8.59,8.75,8.59,8.742,285
2005-12-28,8.76,8.95,8.76,8.865,2
2005-12-29,8.9,8.9,8.7,8.812,126
2005-12-30,8.82,8.82,8.82,8.82,2
2006-01-03,9.03,9.087,9.01,9.087,33
2006-01-04,8.95,9.102,8.95,9.102,137
2006-01-05,9.0,9.0,8.809,8.809,11
2006-01-06,9.112,9.112,9.112,9.112,4
2006-01-09,9.12,9.222,9.12,9.222,17
2006-01-10,9.24,9.24,8.957,8.957,1
2006-01-11,8.935,9.04,8.9,9.007,13
2006-01-12,9.1,9.1,8.92,9.007,43
2006-01-13,9.112,9.112,9.112,9.112,25
2006-01-17,9.04,9.04,9.02,9.02,75
2006-01-18,8.805,8.82,8.805,8.82,51
2006-01-19,8.92,9.058,8.92,9.058,4
2006-01-20,8.88,9.08,8.88,8.88,4
2006-01-23,8.9,9.026,8.9,9.026,117
2006-01-24,9.183,9.183,9.183,9.183,117
2006-01-25,9.22,9.5,9.22,9.465,107
2006-01-26,9.65,9.65,9.564,9.564,324
2006-01-27,9.566,9.566,9.566,9.566,2
2006-01-30,9.66,9.74,9.66,9.74,3
2006-01-31,9.76,9.87,9.76,9.85,13
2006-02-01,9.76,9.76,9.76,9.76,12
2006-02-02,9.82,9.844,9.82,9.844,13
2006-02-03,9.73,9.73,9.73,9.73,40
2006-02-06,9.728,9.728,9.728,9.728,38
2006-02-07,9.35,9.38,9.35,9.38,1
2006-02-08,9.415,9.415,9.415,9.415,10
2006-02-09,9.638,9.638,9.638,9.638,10
2006-02-10,9.36,9.36,9.36,9.36,10
2006-02-13,9.29,9.3,9.1,9.1,2
2006-02-14,9.25,9.297,9.25,9.297,1
2006-02-15,9.199,9.199,9.199,9.199,1
2006-02-16,9.358,9.358,9.358,9.358,104
2006-02-17,9.408,9.408,9.408,9.408,0
2006-02-21,9.536,9.536,9.536,9.536,0
2006-02-22,9.567,9.567,9.567,9.567,0
2006-02-23,9.462,9.462,9.462,9.462,0
2006-02-24,9.733,9.733,9.733,9.733,29220
2006-02-27,9.71,9.725,9.52,9.602,15936
2006-02-28,9.605,9.78,9.565,9.72,4128
2006-03-01,9.735,9.81,9.69,9.71,960
2006-03-02,9.7,10.19,9.7,10.128,1022
2006-03-03,10.185,10.225,10.05,10.161,598
2006-03-06,10.12,10.22,9.84,9.953,183
2006-03-07,10.025,10.06,9.91,10.035,169
2006-03-08,10.035,10.035,9.64,9.777,426
2006-03-09,9.82,9.99,9.725,9.903,198
2006-03-10,9.9,9.95,9.79,9.895,473
2006-03-13,9.915,10.093,9.9,10.093,133
2006-03-14,10.07,10.2,10.07,10.182,75
2006-03-15,10.32,10.35,10.25,10.287,12
2006-03-16,10.22,10.35,10.16,10.281,391
2006-03-17,10.4,10.45,10.306,10.306,58
2006-03-20,10.37,10.37,10.25,10.307,22
2006-03-21,10.25,10.516,10.17,10.516,139
2006-03-22,10.5,10.6,10.446,10.446,19
2006-03-23,10.45,10.66,10.435,10.643,192
2006-03-24,10.605,10.74,10.605,10.688,84
2006-03-27,10.86,10.86,10.79,10.848,96
2006-03-28,10.83,10.88,10.79,10.826,133
2006-03-29,10.85,11.1,10.85,11.073,5
2006-03-30,11.14,11.618,11.14,11.618,94
2006-03-31,11.62,11.62,11.48,11.48,358
2006-04-03,11.63,11.723,11.63,11.723,3
2006-04-04,11.688,11.688,11.688,11.688,1
2006-04-05,11.665,11.665,11.665,11.665,69
2006-04-06,11.96,12.007,11.96,12.007,115
2006-04-07,12.12,12.12,12.035,12.035,117
2006-04-10,12.3,12.58,12.3,12.529,32
2006-04-11,12.945,12.945,12.573,12.573,53
2006-04-12,12.59,12.636,12.59,12.636,2
2006-04-13,12.828,12.828,12.828,12.828,1
2006-04-17,13.2,13.34,13.2,13.34,187
2006-04-18,13.55,13.76,13.5,13.76,5
2006-04-19,14.499,14.499,14.499,14.499,4
2006-04-20,12.51,12.51,12.51,12.51,113
2006-04-21,12.965,12.965,12.965,12.965,692
2006-04-24,11.772,11.772,11.772,11.772,5
2006-04-25,12.67,12.67,12.555,12.555,2
2006-04-26,12.81,12.81,12.81,12.81,29501
2006-04-27,12.855,13.15,12.19,12.47,16035
2006-04-28,12.5,13.76,12.4,13.51,6648
2006-05-01,13.76,13.95,13.42,13.852,726
2006-05-02,13.875,14.12,13.67,14.11,683
2006-05-03,14.09,14.3,13.0,13.704,797
2006-05-04,13.57,14.07,13.57,13.735,815
2006-05-05,13.82,13.99,13.69,13.792,135
2006-05-08,13.875,13.875,13.34,13.677,160
2006-05-09,13.59,14.38,13.59,14.374,979
2006-05-10,14.34,14.39,14.191,14.191,33
2006-05-11,14.21,14.95,14.21,14.846,173
2006-05-12,14.77,14.81,14.146,14.146,66
2006-05-15,13.28,13.4,13.1,13.246,101
2006-05-16,13.18,13.452,13.18,13.452,136
2006-05-17,13.45,13.68,12.95,13.157,136
2006-05-18,12.98,13.19,12.437,12.437,39
2006-05-19,12.6,12.6,12.0,12.277,184
2006-05-22,12.28,12.4,12.2,12.355,423
2006-05-23,12.505,13.1,12.35,13.1,674
2006-05-24,12.845,12.85,12.45,12.45,351
2006-05-25,12.45,12.59,12.45,12.54,36
2006-05-26,12.48,12.675,12.46,12.675,88
2006-05-30,13.05,13.05,13.013,13.013,31
2006-05-31,12.398,12.398,12.398,12.398,60
2006-06-01,11.85,11.85,11.85,11.85,50
2006-06-02,12.035,12.035,12.035,12.035,81
2006-06-05,12.1,12.245,12.1,12.245,6
2006-06-06,11.62,11.805,11.62,11.805,142
2006-06-07,11.755,11.857,11.44,11.857,87
2006-06-08,11.042,11.042,11.042,11.042,87
2006-06-09,11.177,11.177,11.177,11.177,87
2006-06-12,11.035,11.035,11.035,11.035,34
2006-06-13,9.595,9.595,9.595,9.595,75
2006-06-14,9.75,9.79,9.707,9.707,3
2006-06-15,10.07,10.07,9.95,9.95,4
2006-06-16,10.11,10.11,10.11,10.11,4
2006-06-19,9.949,9.949,9.949,9.949,4
2006-06-20,9.87,10.25,9.87,10.25,210
2006-06-21,10.4,10.4,10.4,10.4,0
2006-06-22,10.195,10.195,10.195,10.195,20
2006-06-23,10.271,10.271,10.271,10.271,60
2006-06-26,10.229,10.229,10.229,10.229,34
2006-06-27,10.185,10.185,10.185,10.185,0
2006-06-28,10.148,10.148,10.148,10.148,22300
2006-06-29,10.18,10.5,10.13,10.333,13642
2006-06-30,10.3,11.05,10.3,10.91,0
2006-07-03,10.833,10.833,10.833,10.833,1223
2006-07-05,11.245,11.39,11.16,11.335,548
2006-07-06,11.29,11.507,11.185,11.507,458
2006-07-07,11.54,11.54,11.28,11.325,86
2006-07-10,11.145,11.15,10.945,11.03,34
2006-07-11,10.98,11.47,10.98,11.47,28
2006-07-12,11.45,11.78,11.45,11.475,122
2006-07-13,11.63,11.63,11.355,11.405,103
2006-07-14,11.63,11.63,11.45,11.45,40
2006-07-17,11.61,11.67,11.01,11.01,166
2006-07-18,10.915,11.0,10.455,10.455,16
2006-07-19,10.87,11.055,10.87,11.055,19
2006-07-20,11.22,11.22,11.005,11.005,83
2006-07-21,11.15,11.15,10.785,10.785,26
2006-07-24,10.76,10.87,10.76,10.87,233
2006-07-25,10.905,10.905,10.84,10.895,22
2006-07-26,11.0,11.03,10.95,11.03,25
2006-07-27,11.15,11.45,11.15,11.34,100
2006-07-28,11.32,11.32,11.32,11.32,1
2006-07-31,11.325,11.325,11.325,11.325,1
2006-08-01,11.695,11.695,11.695,11.695,1
2006-08-02,12.203,12.203,12.203,12.203,1
2006-08-03,12.045,12.045,12.045,12.045,114
2006-08-04,12.44,12.44,12.44,12.44,114
2006-08-07,12.223,12.223,12.223,12.223,114
2006-08-08,12.223,12.223,12.22,12.22,114
2006-08-09,12.53,12.53,12.53,12.53,114
2006-08-10,12.2,12.2,12.07,12.07,124
2006-08-11,11.853,11.853,11.853,11.853,108
2006-08-14,12.128,12.128,12.128,12.128,108
2006-08-15,12.056,12.056,12.056,12.056,108
2006-08-16,12.259,12.259,12.259,12.259,60
2006-08-17,11.973,11.973,11.973,11.973,173
2006-08-18,12.01,12.01,12.01,12.01,32
2006-08-21,12.325,12.325,12.325,12.325,32
2006-08-22,12.245,12.245,12.245,12.245,32
2006-08-23,12.498,12.498,12.498,12.498,32
2006-08-24,12.297,12.297,12.297,12.297,112
2006-08-25,12.359,12.359,12.359,12.359,2
2006-08-28,12.014,12.014,12.014,12.014,0
2006-08-29,12.142,12.142,12.142,12.142,18431
2006-08-30,12.15,12.51,12.15,12.498,11907
2006-08-31,12.5,12.93,12.5,12.9,2459
2006-09-01,12.87,13.0,12.8,12.97,2459
2006-09-04,12.97,12.97,12.915,12.915,1587
2006-09-05,13.225,13.26,12.98,13.005,264
2006-09-06,12.95,13.22,12.925,13.065,236
2006-09-07,13.045,13.045,12.51,12.563,142
2006-09-08,12.61,12.61,11.98,12.163,262
2006-09-11,11.805,11.805,11.108,11.108,159
2006-09-12,11.16,11.31,10.97,11.025,80
2006-09-13,10.98,11.25,10.98,11.085,44
2006-09-14,11.28,11.28,10.835,10.835,22
2006-09-15,10.815,10.815,10.45,10.76,65
2006-09-18,10.95,11.175,10.84,11.175,31
2006-09-19,11.2,11.2,10.83,10.83,7
2006-09-20,11.0,11.027,11.0,11.027,8
2006-09-21,11.0,11.137,10.94,11.137,16
2006-09-22,11.24,11.24,11.202,11.202,6
2006-09-25,11.217,11.217,11.217,11.217,6
2006-09-26,11.3,11.45,11.3,11.395,54
2006-09-27,11.61,11.61,11.6,11.6,1
2006-09-28,11.645,11.645,11.645,11.645,1
2006-09-29,11.45,11.45,11.45,11.45,1
2006-10-02,11.55,11.55,11.55,11.55,1
2006-10-03,10.955,10.955,10.955,10.955,1
2006-10-04,10.705,10.705,10.705,10.705,1
2006-10-05,11.03,11.03,11.03,10.98,27
2006-10-06,11.03,11.03,11.03,11.085,2
2006-10-09,11.33,11.33,11.33,11.33,0
2006-10-10,11.135,11.135,11.135,11.135,0
2006-10-11,11.28,11.28,11.28,11.245,2
2006-10-12,11.295,11.295,11.295,11.295,2
2006-10-13,11.598,11.598,11.598,11.598,0
2006-10-16,11.828,11.828,11.828,11.828,0
2006-10-17,11.698,11.698,11.698,11.698,6
2006-10-18,11.743,11.743,11.743,11.743,6
2006-10-19,12.085,12.085,12.085,12.085,142
2006-10-20,11.89,11.89,11.89,11.89,142
2006-10-23,11.6,11.6,11.6,11.6,142
2006-10-24,11.78,11.78,11.78,11.78,2
2006-10-25,11.82,11.82,11.82,11.82,10
2006-10-26,12.17,12.17,12.17,12.17,10
2006-10-27,12.015,12.015,12.015,12.015,65
2006-10-30,12.195,12.195,12.195,12.195,65
2006-10-31,12.212,12.212,12.212,12.212,65
2006-11-01,12.417,12.417,12.417,12.417,214
2006-11-02,12.598,12.598,12.598,12.598,54
2006-11-03,12.585,12.585,12.585,12.585,60
2006-11-06,12.713,12.713,12.713,12.713,0
2006-11-07,12.628,12.628,12.628,12.628,0
2006-11-08,12.507,12.507,12.507,12.507,127
2006-11-09,13.01,13.01,13.01,13.01,1
2006-11-10,13.077,13.077,13.077,13.077,0
2006-11-13,12.865,12.865,12.865,12.855,2
2006-11-14,12.861,12.861,12.861,12.861,0
2006-11-15,12.917,12.917,12.917,12.917,0
2006-11-16,12.922,12.922,12.922,12.922,190
2006-11-17,12.779,12.779,12.779,12.779,190
2006-11-20,12.721,12.721,12.721,12.721,0
2006-11-21,13.072,13.072,13.072,13.072,350
2006-11-22,13.03,13.03,13.03,13.03,0
2006-11-27,13.485,13.485,13.485,13.485,0
2006-11-28,13.62,13.62,13.62,13.62,19892
2006-11-29,13.62,13.805,13.55,13.566,15023
2006-11-30,13.55,14.0,13.54,13.925,2097
2006-12-01,13.9,14.02,13.8,14.006,602
2006-12-04,14.05,14.1,13.945,14.061,303
2006-12-05,14.095,14.14,13.83,13.845,141
2006-12-06,13.7,13.81,13.535,13.615,74
2006-12-07,13.525,13.895,13.5,13.861,91
2006-12-08,13.85,13.92,13.73,13.719,164
2006-12-11,13.715,13.88,13.66,13.85,211
2006-12-12,13.83,13.84,13.77,13.813,95
2006-12-13,13.59,13.68,13.59,13.747,241
2006-12-14,13.84,13.84,13.65,13.785,154
2006-12-15,13.775,13.775,12.82,12.823,143
2006-12-18,12.8,12.8,12.23,12.382,128
2006-12-19,12.41,12.58,12.41,12.57,19
2006-12-20,12.5,12.68,12.5,12.51,9
2006-12-21,12.495,12.495,12.35,12.358,173
2006-12-22,12.56,12.56,12.37,12.508,79
2006-12-26,12.62,12.75,12.6,12.603,110
2006-12-27,12.705,12.78,12.705,12.803,13
2006-12-28,12.74,12.8,12.74,12.823,58
2006-12-29,12.88,12.88,12.88,12.818,58
2007-01-02,12.818,12.818,12.818,12.818,1
2007-01-03,12.55,12.55,12.55,12.555,289
2007-01-04,12.72,12.73,12.72,12.727,48
2007-01-05,12.13,12.13,12.13,12.13,32
2007-01-08,12.25,12.25,12.25,12.26,116
2007-01-09,12.2,12.2,12.2,12.498,2
2007-01-10,12.35,12.35,12.35,12.35,2
2007-01-11,12.375,12.375,12.375,12.375,80
2007-01-12,12.798,12.798,12.798,12.798,15
2007-01-16,12.54,12.54,12.54,12.54,89
2007-01-17,12.813,12.813,12.813,12.813,40
2007-01-18,12.608,12.608,12.608,12.608,40
2007-01-19,12.7,12.7,12.7,12.845,76
2007-01-22,12.865,12.865,12.855,12.925,117
2007-01-23,13.12,13.12,13.12,13.185,43
2007-01-24,13.165,13.17,13.08,13.201,12
2007-01-25,13.422,13.422,13.422,13.422,14
2007-01-26,13.43,13.43,13.43,13.31,3
2007-01-29,13.19,13.19,13.19,13.19,41
2007-01-30,13.319,13.319,13.319,13.319,3
2007-01-31,13.535,13.55,13.535,13.514,10
2007-02-01,13.62,13.62,13.615,13.672,61
2007-02-02,13.3,13.3,13.3,13.327,17
2007-02-05,13.515,13.515,13.515,13.515,17
2007-02-06,13.63,13.63,13.63,13.63,0
2007-02-07,13.65,13.65,13.65,13.667,30
2007-02-08,13.732,13.732,13.732,13.732,30
2007-02-09,13.81,13.81,13.81,13.879,2
2007-02-12,13.679,13.679,13.679,13.679,2
2007-02-13,13.881,13.881,13.881,13.881,0
2007-02-14,13.933,13.933,13.933,13.933,0
2007-02-15,13.94,13.94,13.94,13.94,0
2007-02-16,13.94,13.94,13.94,13.97,0
2007-02-20,13.812,13.812,13.812,13.812,0
2007-02-21,14.258,14.258,14.258,14.258,0
2007-02-22,14.241,14.241,14.241,14.241,0
2007-02-23,14.65,14.65,14.65,14.589,2
2007-02-26,14.69,14.69,14.69,14.69,29819
2007-02-27,14.715,14.72,14.04,14.545,22077
2007-02-28,14.165,14.385,13.98,14.1,1804
2007-03-01,14.23,14.305,13.45,13.53,1142
2007-03-02,13.635,13.64,12.705,12.845,529
2007-03-05,12.86,12.89,12.47,12.64,210
2007-03-06,12.82,12.95,12.72,12.877,237
2007-03-07,12.91,13.02,12.88,13.0,93
2007-03-08,13.07,13.12,12.97,13.017,114
2007-03-09,12.985,13.04,12.88,12.87,49
2007-03-12,12.885,12.91,12.87,12.985,33
2007-03-13,12.89,12.95,12.775,12.863,26
2007-03-14,12.64,12.77,12.64,12.74,239
2007-03-15,13.015,13.03,13.0,12.987,17
2007-03-16,13.06,13.12,13.035,13.127,10
2007-03-19,13.11,13.115,13.11,13.147,128
2007-03-20,13.285,13.285,13.285,13.285,128
2007-03-21,13.35,13.35,13.35,13.237,4
2007-03-22,13.403,13.403,13.403,13.403,129
2007-03-23,13.32,13.325,13.32,13.152,164
2007-03-26,13.32,13.47,13.32,13.34,214
2007-03-27,13.32,13.35,13.205,13.21,58
2007-03-28,13.42,13.42,13.27,13.387,50
2007-03-29,13.16,13.295,13.16,13.278,137
2007-03-30,13.39,13.39,13.39,13.39,70
2007-04-02,13.1,13.1,13.02,13.293,2
2007-04-03,13.425,13.425,13.425,13.375,2
2007-04-04,13.57,13.57,13.57,13.57,0
2007-04-05,13.694,13.694,13.694,13.694,0
2007-04-09,13.766,13.766,13.766,13.766,0
2007-04-10,13.87,13.87,13.78,13.888,20
2007-04-11,13.85,13.85,13.85,13.85,20
2007-04-12,13.82,13.82,13.82,13.82,20
2007-04-13,14.015,14.1,14.01,14.058,0
2007-04-16,13.995,13.995,13.87,14.05,2
2007-04-17,13.992,13.992,13.992,13.992,2
2007-04-18,13.992,13.992,13.992,13.949,114
2007-04-19,13.716,13.716,13.716,13.716,114
2007-04-20,13.938,13.938,13.938,13.938,114
2007-04-23,14.033,14.033,14.033,14.033,114
2007-04-24,13.769,13.769,13.769,13.769,228
2007-04-25,13.752,13.752,13.752,13.752,215
2007-04-26,13.32,13.32,13.32,13.32,47375
2007-04-27,13.33,13.55,13.23,13.443,16704
2007-04-30,13.445,13.545,13.4,13.445,1428
2007-05-01,13.42,13.45,13.09,13.245,686
2007-05-02,13.295,13.295,13.0,13.214,272
2007-05-03,13.23,13.42,13.23,13.393,149
2007-05-04,13.42,13.585,13.415,13.415,165
2007-05-07,13.52,13.545,13.5,13.527,135
2007-05-08,13.435,13.56,13.33,13.489,47
2007-05-09,13.35,13.355,13.19,13.361,18
2007-05-10,13.295,13.295,13.04,13.04,142
2007-05-11,12.97,13.215,12.97,13.21,56
2007-05-14,13.225,13.225,13.075,13.142,22
2007-05-15,13.145,13.15,13.14,13.226,26
2007-05-16,12.9,12.95,12.85,12.843,23
2007-05-17,12.85,12.865,12.785,12.806,198
2007-05-18,12.955,12.98,12.87,12.926,66
2007-05-21,12.88,13.06,12.88,13.057,38
2007-05-22,13.085,13.085,12.94,12.919,11
2007-05-23,13.03,13.11,13.0,13.035,23
2007-05-24,12.852,12.852,12.852,12.852,32
2007-05-25,12.92,12.92,12.88,12.935,113
2007-05-29,13.06,13.2,13.06,13.158,15
2007-05-30,13.04,13.04,13.04,13.155,159
2007-05-31,13.409,13.409,13.409,13.409,0
2007-06-01,13.681,13.681,13.681,13.681,0
2007-06-04,13.765,13.765,13.75,13.686,28
2007-06-05,13.757,13.757,13.757,13.757,28
2007-06-06,13.664,13.664,13.664,13.664,0
2007-06-07,13.725,13.725,13.48,13.435,22
2007-06-08,12.999,12.999,12.999,12.999,0
2007-06-11,13.115,13.23,13.055,13.237,3
2007-06-12,12.995,13.16,12.995,13.055,103
2007-06-13,13.027,13.027,13.027,13.027,103
2007-06-14,13.15,13.15,13.15,13.135,2
2007-06-15,13.234,13.234,13.234,13.234,2
2007-06-18,13.335,13.335,13.3,13.211,2
2007-06-19,13.303,13.303,13.303,13.303,2
2007-06-20,13.228,13.228,13.228,13.228,0
2007-06-21,13.075,13.075,13.075,13.075,0
2007-06-22,13.008,13.008,13.008,13.008,0
2007-06-25,12.866,12.866,12.866,12.866,0
2007-06-26,12.27,12.27,12.27,12.27,114
2007-06-27,12.21,12.21,12.21,12.21,35835
2007-06-28,12.29,12.46,12.265,12.379,17558
2007-06-29,12.435,12.53,12.3,12.353,1665
2007-07-02,12.405,12.64,12.405,12.622,943
2007-07-03,12.595,12.65,12.47,12.569,943
2007-07-05,12.645,12.645,12.43,12.469,336
2007-07-06,12.435,12.73,12.42,12.648,174
2007-07-09,12.66,12.84,12.66,12.714,67
2007-07-10,12.7,12.95,12.7,12.867,133
2007-07-11,12.88,12.92,12.82,12.869,25
2007-07-12,12.96,13.08,12.96,13.078,174
2007-07-13,13.1,13.1,12.985,13.011,56
2007-07-16,13.055,13.055,12.95,12.968,24
2007-07-17,12.93,13.04,12.92,12.923,164
2007-07-18,13.005,13.24,13.005,13.198,62
2007-07-19,13.285,13.285,13.27,13.285,136
2007-07-20,13.385,13.385,13.295,13.315,45
2007-07-23,13.255,13.27,13.24,13.244,30
2007-07-24,13.39,13.42,13.335,13.359,26
2007-07-25,13.165,13.205,13.115,13.068,78
2007-07-26,13.15,13.165,12.725,12.878,164
2007-07-27,12.615,12.705,12.615,12.643,56
2007-07-30,12.76,12.76,12.76,12.834,14
2007-07-31,12.95,12.95,12.95,12.95,2
2007-08-01,12.888,12.888,12.888,12.888,2
2007-08-02,12.935,12.935,12.935,12.935,2
2007-08-03,12.955,12.955,12.95,13.1,2
2007-08-06,12.977,12.977,12.977,12.977,20
2007-08-07,13.041,13.041,13.041,13.041,20
2007-08-08,13.118,13.118,13.118,13.118,20
2007-08-09,12.655,12.655,12.655,12.655,20
2007-08-10,12.825,12.825,12.825,12.825,0
2007-08-13,12.812,12.812,12.812,12.812,0
2007-08-14,12.707,12.707,12.707,12.707,7
2007-08-15,12.518,12.518,12.518,12.518,7
2007-08-16,11.465,11.465,11.465,11.465,0
2007-08-17,11.772,11.772,11.772,11.772,0
2007-08-20,11.709,11.709,11.709,11.709,0
2007-08-21,11.489,11.489,11.489,11.489,0
2007-08-22,11.546,11.546,11.546,11.546,0
2007-08-23,11.623,11.623,11.623,11.623,0
2007-08-24,11.925,11.925,11.925,11.925,0
2007-08-27,11.752,11.752,11.752,11.752,0
2007-08-28,11.754,11.754,11.754,11.754,0
2007-08-29,11.837,11.837,11.837,11.837,24849
2007-08-30,11.895,11.905,11.725,11.791,12492
2007-08-31,11.77,12.11,11.77,12.063,12492
2007-09-04,12.095,12.335,12.0,12.281,416
2007-09-05,12.2,12.225,12.115,12.19,187
2007-09-06,12.23,12.47,12.23,12.365,357
2007-09-07,12.535,12.565,12.405,12.592,157
2007-09-10,12.535,12.54,12.47,12.532,47
2007-09-11,12.6,12.745,12.55,12.667,194
2007-09-12,12.71,12.71,12.5,12.625,167
2007-09-13,12.59,12.59,12.4,12.514,56
2007-09-14,12.5,12.69,12.5,12.544,54
2007-09-17,12.595,12.75,12.595,12.739,155
2007-09-18,13.02,13.02,13.02,12.767,446
2007-09-19,12.925,12.96,12.925,12.956,41
2007-09-20,12.955,13.465,12.955,13.321,185
2007-09-21,13.47,13.485,13.36,13.474,86
2007-09-24,13.49,13.49,13.49,13.497,70
2007-09-25,13.4,13.4,13.4,13.482,62
2007-09-26,13.4,13.4,13.4,13.416,3
2007-09-27,13.54,13.54,13.475,13.517,14
2007-09-28,13.815,13.815,13.72,13.794,4
2007-10-01,13.71,13.71,13.71,13.729,2
2007-10-02,13.327,13.327,13.327,13.327,0
2007-10-03,13.349,13.349,13.349,13.349,16
2007-10-04,13.21,13.395,13.205,13.389,57
2007-10-05,13.42,13.42,13.39,13.379,2
2007-10-08,13.25,13.25,13.25,13.25,0
2007-10-09,13.475,13.475,13.475,13.475,0
2007-10-10,13.61,13.61,13.61,13.562,2
2007-10-11,13.855,13.855,13.855,13.883,1
2007-10-12,13.803,13.803,13.803,13.803,0
2007-10-15,13.757,13.757,13.757,13.757,0
2007-10-16,13.562,13.562,13.562,13.562,0
2007-10-17,13.656,13.656,13.656,13.656,0
2007-10-18,13.711,13.711,13.711,13.711,0
2007-10-19,13.855,13.865,13.8,13.553,10
2007-10-22,13.475,13.475,13.475,13.475,10
2007-10-23,13.572,13.572,13.572,13.572,10
2007-10-24,13.515,13.515,13.515,13.515,4
2007-10-25,13.5,13.5,13.5,13.835,0
2007-10-26,14.212,14.212,14.212,14.212,0
2007-10-29,14.365,14.365,14.365,14.365,3
2007-10-30,14.267,14.267,14.267,14.267,3
2007-10-31,14.3,14.45,14.3,14.377,21
2007-11-01,14.264,14.264,14.06,14.27,21
2007-11-02,14.546,14.546,14.546,14.546,21
2007-11-05,14.74,14.74,14.74,14.732,5
2007-11-06,14.7,14.7,14.7,15.327,1
2007-11-07,15.43,15.485,15.27,15.272,209
2007-11-08,15.467,15.467,15.467,15.467,209
2007-11-09,15.499,15.499,15.499,15.499,209
2007-11-12,14.735,14.75,14.555,14.719,6
2007-11-13,14.55,14.55,14.545,14.571,2
2007-11-14,15.029,15.029,15.029,15.029,2
2007-11-15,14.4,14.4,14.4,14.452,3
2007-11-16,14.483,14.483,14.483,14.483,3
2007-11-19,14.136,14.136,14.136,14.136,3
2007-11-20,14.476,14.476,14.476,14.478,0
2007-11-21,14.4,14.4,14.4,14.4,0
2007-11-23,14.715,14.715,14.715,14.715,0
2007-11-26,14.835,14.835,14.835,14.817,1
2007-11-27,14.474,14.474,14.474,14.474,0
2007-11-28,14.329,14.329,14.329,14.329,43813
2007-11-29,14.405,14.5,14.105,14.237,18863
2007-11-30,14.145,14.22,13.76,13.963,2583
2007-12-03,13.96,14.18,13.76,14.011,568
2007-12-04,14.1,14.39,14.005,14.271,1269
2007-12-05,14.36,14.36,14.13,14.27,471
2007-12-06,14.25,14.5,14.115,14.44,216
2007-12-07,14.28,14.34,14.28,14.325,25
2007-12-10,14.34,14.705,14.34,14.674,50
2007-12-11,14.725,14.74,14.425,14.695,79
2007-12-12,14.55,14.665,14.55,14.655,49
2007-12-13,14.685,14.685,14.0,14.072,171
2007-12-14,13.995,14.0,13.75,13.826,40
2007-12-17,13.6,13.6,13.6,13.826,7
2007-12-18,14.025,14.045,14.01,14.014,129
2007-12-19,14.03,14.095,14.03,14.073,7
2007-12-20,14.196,14.196,14.196,14.196,7
2007-12-21,14.37,14.385,14.37,14.346,88
2007-12-24,14.52,14.52,14.52,14.52,88
2007-12-26,14.53,14.7,14.53,14.695,35
2007-12-27,14.61,14.61,14.61,14.678,35
2007-12-28,14.745,14.825,14.725,14.77,16
2007-12-31,14.797,14.797,14.797,14.797,10
2008-01-02,15.167,15.167,15.167,15.167,7
2008-01-03,15.34,15.34,15.085,15.382,398
2008-01-04,15.18,15.18,15.18,15.346,25
2008-01-07,15.185,15.185,15.185,15.18,9
2008-01-08,15.725,15.725,15.68,15.707,17
2008-01-09,15.78,15.78,15.77,15.734,39
2008-01-10,15.515,15.515,15.515,16.173,94
2008-01-11,16.273001,16.273001,16.273001,16.273001,13
2008-01-14,16.325001,16.325001,16.325001,16.325001,240
2008-01-15,16.205,16.205,16.205,16.205,30
2008-01-16,15.807,15.807,15.807,15.807,2
2008-01-17,16.025,16.025,16.025,15.93,1
2008-01-18,16.045,16.045,16.045,16.138,1
2008-01-22,15.515,15.57,15.51,16.030001,105
2008-01-23,16.055,16.055,16.045,15.902,378
2008-01-24,16.273001,16.273001,16.273001,16.273001,129
2008-01-25,16.427999,16.427999,16.427999,16.427999,114
2008-01-28,16.690001,16.690001,16.690001,16.690001,315
2008-01-29,16.745001,16.745001,16.745001,16.745001,18
2008-01-30,16.715,16.715,16.715,16.711,0
2008-01-31,16.775,16.875,16.775,16.948,209
2008-02-01,16.889999,16.889999,16.775,16.823999,3
2008-02-04,16.74,16.74,16.74,16.74,0
2008-02-05,16.445,16.445,16.445,16.302999,202
2008-02-06,16.507999,16.507999,16.507999,16.507999,100
2008-02-07,16.735001,16.735001,16.735001,16.735001,115
2008-02-08,17.049999,17.049999,17.049999,17.075001,1
2008-02-11,17.433001,17.433001,17.433001,17.433001,114
2008-02-12,17.525,17.58,17.120001,17.218,8
2008-02-13,17.326,17.326,17.326,17.326,8
2008-02-14,17.23,17.23,17.23,17.23,50
2008-02-15,17.098,17.098,17.098,17.098,50
2008-02-19,17.16,17.280001,17.049999,17.49,8
2008-02-20,17.745001,17.745001,17.745001,17.745001,0
2008-02-21,17.940001,17.940001,17.940001,17.940001,0
2008-02-22,18.025,18.025,18.025,18.025,0
2008-02-25,18.01,18.01,17.915001,18.08,2
2008-02-26,18.712,18.712,18.712,18.712,30
2008-02-27,19.202,19.202,19.202,19.202,63398
2008-02-28,19.27,19.844999,19.055,19.629999,19057
2008-02-29,19.780001,19.924999,19.355,19.808001,3252
2008-03-03,19.780001,20.610001,19.77,20.073,831
2008-03-04,20.360001,20.5,19.6,19.738001,1158
2008-03-05,19.709999,20.799999,19.4,20.684999,339
2008-03-06,20.775,21.1,19.870001,20.131001,762
2008-03-07,20.309999,20.700001,20.01,20.158001,200
2008-03-10,20.219999,20.245001,19.334999,19.698,383
2008-03-11,19.684999,20.025,19.5,19.676001,98
2008-03-12,19.674999,20.110001,19.4,19.910999,98
2008-03-13,20.155001,20.83,20.155001,20.339001,65
2008-03-14,20.575001,20.83,20.32,20.573999,82
2008-03-17,21.004999,21.184999,19.995001,20.222,197
2008-03-18,21.004999,20.325001,19.65,19.889999,161
2008-03-19,19.74,19.775,18.25,18.395,208
2008-03-20,17.85,18.08,16.77,16.805,262
2008-03-24,17.190001,17.190001,16.870001,17.066999,80
2008-03-25,17.190001,17.555,17.41,17.761999,77
2008-03-26,17.950001,18.34,17.950001,18.346001,55
2008-03-27,18.280001,18.280001,18.280001,18.513,40
2008-03-28,18.290001,18.32,17.709999,17.9,92
2008-03-31,18.125,18.125,17.24,17.275,29
2008-04-01,16.885,16.915001,16.455,16.855,88
2008-04-02,16.799999,17.209999,16.754999,17.146999,31
2008-04-03,17.334999,17.43,17.030001,17.447001,33
2008-04-04,17.83,17.83,17.385,17.722,39
2008-04-07,18.087,18.087,18.087,18.087,2
2008-04-08,17.860001,17.860001,17.57,17.674999,3
2008-04-09,18.17,18.17,18.17,18.17,3
2008-04-10,18.013,18.013,18.013,18.013,3
2008-04-11,17.667999,17.667999,17.667999,17.667999,77
2008-04-14,17.768,17.768,17.768,17.768,0
2008-04-15,17.83,17.83,17.83,17.83,0
2008-04-16,18.305,18.305,18.305,18.305,0
2008-04-17,18.287001,18.287001,18.287001,18.287001,0
2008-04-18,17.802,17.802,17.802,17.802,0
2008-04-21,17.341999,17.341999,17.341999,17.341999,0
2008-04-22,17.698,17.698,17.698,17.698,0
2008-04-23,17.155001,17.155001,17.155001,17.155001,0
2008-04-24,16.652,16.652,16.652,16.652,0
2008-04-25,16.565001,16.780001,16.565001,16.846001,0
2008-04-28,17.011,17.011,17.011,17.011,34513
2008-04-29,17.014999,17.035,16.424999,16.540001,17691
2008-04-30,16.52,16.870001,16.365,16.502001,2877
2008-05-01,16.969999,16.975,15.995,16.121,1100
2008-05-02,16.25,16.48,16.125,16.381001,131
2008-05-05,16.51,16.764999,16.51,16.746,406
2008-05-06,16.73,17.0,16.635,16.780001,376
2008-05-07,16.74,16.74,16.48,16.617001,91
2008-05-08,16.540001,16.895,16.450001,16.794001,44
2008-05-09,16.844999,16.959999,16.525,16.843,360
2008-05-12,16.754999,17.299999,16.754999,17.158001,185
2008-05-13,17.165001,17.165001,16.6,16.763,56
2008-05-14,16.795,16.795,16.75,16.549999,50
2008-05-15,16.530001,16.98,16.52,16.627001,106
2008-05-16,16.799999,16.92,16.799999,16.903999,6
2008-05-19,17.16,17.18,17.004999,16.974001,144
2008-05-20,17.065001,17.635,17.049999,17.671,31
2008-05-21,17.844999,18.0,17.84,17.997999,18
2008-05-22,17.855,18.049999,17.855,17.975,29
2008-05-23,18.115,18.209999,18.040001,18.240999,29
2008-05-27,18.285,18.290001,17.42,17.424999,354
2008-05-28,17.514999,17.65,17.514999,17.379999,80
2008-05-29,16.865,16.865,16.6,16.476999,78
2008-05-30,16.59,16.59,16.530001,16.827,2
2008-06-02,16.874001,16.874001,16.874001,16.874001,2
2008-06-03,16.85,16.860001,16.58,16.799,14
2008-06-04,16.725,16.879999,16.65,16.906,8
2008-06-05,16.99,16.99,16.780001,17.136999,4
2008-06-06,17.396999,17.396999,17.396999,17.396999,4
2008-06-09,17.26,17.43,17.26,17.18,2
2008-06-10,16.607,16.607,16.607,16.607,2
2008-06-11,16.879999,16.895,16.605,16.829,18
2008-06-12,16.462999,16.462999,16.462999,16.462999,2
2008-06-13,16.465,16.575001,16.465,16.540001,2
2008-06-16,16.84,16.889999,16.84,17.214001,6
2008-06-17,17.139999,17.139999,17.139999,17.059,6
2008-06-18,17.18,17.4,17.18,17.325001,4
2008-06-19,17.5,17.5,17.245001,17.457001,8
2008-06-20,17.615,17.665001,17.615,17.386999,5
2008-06-23,16.782,16.782,16.782,16.782,0
2008-06-24,16.627001,16.627001,16.627001,16.627001,0
2008-06-25,16.499001,16.639999,16.499001,16.499001,0
2008-06-26,17.122999,17.122999,17.122999,17.122999,47394
2008-06-27,17.205,17.66,17.125,17.620001,25501
2008-06-30,17.57,17.879999,17.219999,17.42,1742
2008-07-01,17.440001,18.195,17.379999,18.200001,407
2008-07-02,18.110001,18.379999,17.934999,18.337,284
2008-07-03,18.32,18.41,18.0,18.285,284
2008-07-07,18.120001,18.15,17.549999,17.837999,327
2008-07-08,17.805,17.91,17.52,17.879999,544
2008-07-09,17.799999,18.139999,17.790001,18.1,124
2008-07-10,18.25,18.25,18.18,18.245001,73
2008-07-11,18.5,18.790001,18.5,18.745001,69
2008-07-14,18.805,19.225,18.695,19.174999,95
2008-07-15,19.049999,19.375,18.639999,18.941,134
2008-07-16,18.73,19.02,18.690001,18.735001,59
2008-07-17,18.82,18.865,18.35,18.667,38
2008-07-18,18.5,18.610001,18.18,18.135,76
2008-07-21,18.235001,18.455,18.235001,18.362,247
2008-07-22,18.459999,18.6,17.955,17.945,283
2008-07-23,17.735001,17.799999,17.555,17.4,23
2008-07-24,17.246,17.246,17.246,17.246,1
2008-07-25,17.434999,17.434999,17.370001,17.325001,59
2008-07-28,17.514999,17.52,17.514999,17.417,43
2008-07-29,17.375,17.375,17.375,17.33,45
2008-07-30,17.120001,17.584999,16.83,17.422001,112
2008-07-31,17.525,17.735001,17.504999,17.75,10
2008-08-01,17.65,17.65,17.475,17.481001,2
2008-08-04,17.103001,17.103001,17.103001,17.103001,2
2008-08-05,16.75,16.75,16.450001,16.537001,6
2008-08-06,16.472,16.472,16.472,16.472,6
2008-08-07,16.525,16.525,16.215,16.226999,17
2008-08-08,15.38,15.38,15.26,15.303,24
2008-08-11,14.63,14.64,14.62,14.595,16
2008-08-12,14.78,14.78,14.59,14.462,4
2008-08-13,14.81,14.81,14.81,14.824,18
2008-08-14,14.865,14.865,14.865,14.214,1
2008-08-15,13.12,13.12,12.8,12.801,4
2008-08-18,13.087,13.087,13.087,13.087,4
2008-08-19,13.155,13.155,13.155,13.093,1
2008-08-20,13.15,13.15,12.99,13.029,15
2008-08-21,13.615,13.615,13.615,13.719,1
2008-08-22,13.42,13.43,13.42,13.47,6
2008-08-25,13.365,13.365,13.365,13.365,6
2008-08-26,13.572,13.572,13.572,13.572,0
2008-08-27,13.468,13.468,13.468,13.468,33676
2008-08-28,13.495,14.03,13.455,13.604,25386
2008-08-29,13.66,13.89,13.53,13.607,2131
2008-09-02,13.77,13.77,12.475,13.05,2013
2008-09-03,13.09,13.09,12.56,12.86,1146
2008-09-04,12.83,13.14,12.62,12.856,299
2008-09-05,12.7,13.005,12.095,12.245,481
2008-09-08,12.41,12.675,11.93,11.99,208
2008-09-09,12.14,12.14,11.275,11.64,193
2008-09-10,11.15,11.3,10.68,10.817,216
2008-09-11,10.645,10.94,10.28,10.49,307
2008-09-12,10.78,10.84,10.66,10.735,43
2008-09-15,10.795,11.12,10.46,11.075,44
2008-09-16,11.045,11.045,10.465,10.462,45
2008-09-17,10.73,12.095,10.73,11.62,269
2008-09-18,12.8,12.83,11.94,12.648,133
2008-09-19,12.405,12.585,12.31,12.425,23
2008-09-22,13.4,13.4,13.4,13.4,28
2008-09-23,13.22,13.29,13.22,13.12,82
2008-09-24,13.335,13.335,13.335,13.384,29
2008-09-25,13.39,13.735,13.17,13.222,96
2008-09-26,13.2,13.52,13.2,13.458,60
2008-09-29,12.975,13.215,12.835,12.981,72
2008-09-30,12.97,12.975,12.295,12.231,46
2008-10-01,12.57,12.57,12.57,12.72,11
2008-10-02,11.8,11.8,11.13,11.065,22
2008-10-03,10.86,11.64,10.86,11.27,129
2008-10-06,11.38,11.38,10.925,11.23,31
2008-10-07,11.435,11.555,11.245,11.325,126
2008-10-08,11.9,11.9,11.605,11.717,150
2008-10-09,11.65,11.92,11.65,11.82,7
2008-10-10,10.5,10.5,9.57,10.545,25
2008-10-13,10.45,10.45,10.45,10.737,12
2008-10-14,10.925,11.035,10.795,11.018,41
2008-10-15,10.39,10.42,10.065,10.142,138
2008-10-16,10.25,10.25,9.35,9.607,151
2008-10-17,9.41,9.48,9.115,9.31,71
2008-10-20,9.61,9.795,9.505,9.665,135
2008-10-21,9.56,10.14,9.56,10.05,63
2008-10-22,9.835,9.845,9.43,9.452,44
2008-10-23,9.215,9.605,9.215,9.5,199
2008-10-24,9.035,9.08,9.01,9.295,60
2008-10-27,9.025,9.03,9.025,9.195,8
2008-10-28,8.78,9.14,8.78,8.79,58
2008-10-29,9.805,9.805,9.805,9.805,3
2008-10-30,9.785,9.785,9.785,9.785,3
2008-10-31,9.68,9.92,9.68,9.73,15
2008-11-03,9.75,9.75,9.75,9.75,15
2008-11-04,10.13,10.13,10.13,10.13,15
2008-11-05,10.455,10.455,10.455,10.455,15
2008-11-06,10.295,10.295,10.01,10.055,24
2008-11-07,10.15,10.15,9.99,9.963,17
2008-11-10,10.45,10.45,10.15,10.22,9
2008-11-11,9.625,9.76,9.625,9.805,6
2008-11-12,9.55,9.6,9.33,9.48,21
2008-11-13,9.1,9.215,8.83,8.8,19
2008-11-14,9.535,9.58,9.505,9.49,22
2008-11-17,9.33,9.33,9.33,9.33,3
2008-11-18,9.3,9.565,9.3,9.55,11
2008-11-19,9.35,9.35,9.31,9.31,2
2008-11-20,9.265,9.265,8.875,9.025,40
2008-11-21,9.38,9.59,9.38,9.48,6
2008-11-24,10.225,10.325,10.225,10.355,2
2008-11-25,10.27,10.27,10.27,10.27,31997
2008-11-26,10.26,10.455,10.15,10.22,31997
2008-11-28,10.33,10.34,10.08,10.185,1881
2008-12-01,10.24,10.25,9.145,9.35,1042
2008-12-02,9.2,9.71,9.2,9.59,258
2008-12-03,9.57,9.72,9.28,9.564,125
2008-12-04,9.48,9.59,9.335,9.491,345
2008-12-05,9.4,9.525,9.135,9.401,376
2008-12-08,10.235,10.285,9.95,9.94,126
2008-12-09,9.84,9.84,9.65,9.815,74
2008-12-10,9.825,10.21,9.825,10.165,42
2008-12-11,10.12,10.445,10.12,10.39,39
2008-12-12,10.05,10.29,10.05,10.199,26
2008-12-15,10.39,10.665,10.3,10.589,81
2008-12-16,10.47,10.82,10.47,10.674,71
2008-12-17,11.41,11.41,11.25,11.389,125
2008-12-18,11.33,11.335,11.33,11.089,127
2008-12-19,10.77,10.885,10.77,10.819,31
2008-12-22,10.829,10.829,10.829,10.829,31
2008-12-23,10.62,10.62,10.25,10.233,2
2008-12-24,10.29,10.335,10.29,10.323,69
2008-12-26,10.503,10.503,10.503,10.503,2
2008-12-29,10.965,10.965,10.815,10.783,53
2008-12-30,10.885,11.095,10.85,10.955,71
2008-12-31,10.79,11.365,10.78,11.27,137
2009-01-02,11.195,11.525,11.16,11.465,82
2009-01-05,10.92,11.245,10.89,11.245,31
2009-01-06,10.88,11.485,10.88,11.42,35
2009-01-07,11.41,11.41,10.895,11.08,213
2009-01-08,11.155,11.17,11.035,11.072,138
2009-01-09,11.29,11.295,11.29,11.295,33
2009-01-12,10.725,10.725,10.725,10.725,130
2009-01-13,10.71,10.71,10.71,10.655,44
2009-01-14,10.5,10.56,10.37,10.452,40
2009-01-15,10.53,10.53,10.38,10.42,19
2009-01-16,11.0,11.25,11.0,11.195,19
2009-01-20,11.345,11.345,11.205,11.158,18
2009-01-21,11.315,11.355,11.145,11.315,135
2009-01-22,11.43,11.435,11.357,11.357,22
2009-01-23,11.505,11.932,11.345,11.932,322
2009-01-26,12.1,12.102,12.1,12.102,1
2009-01-27,12.015,12.015,12.015,12.167,26
2009-01-28,11.963,11.963,11.963,11.963,36
2009-01-29,11.89,12.145,11.89,12.14,7
2009-01-30,12.475,12.59,12.475,12.56,30
2009-02-02,12.5,12.5,12.5,12.41,2
2009-02-03,12.27,12.275,12.27,12.295,67
2009-02-04,12.51,12.51,12.465,12.465,10
2009-02-05,12.74,12.755,12.7,12.745,69
2009-02-06,12.875,13.155,12.875,13.155,3
2009-02-09,13.005,13.005,12.88,12.825,14
2009-02-10,13.11,13.15,13.05,13.125,75
2009-02-11,13.325,13.515,13.225,13.515,40
2009-02-12,13.43,13.43,13.345,13.505,16
2009-02-13,13.33,13.62,13.33,13.62,33
2009-02-17,13.85,14.15,13.85,14.008,27
2009-02-18,14.035,14.23,14.035,14.288,41
2009-02-19,14.305,14.31,13.885,13.933,60
2009-02-20,14.488,14.488,14.488,14.488,60
2009-02-23,14.448,14.448,14.448,14.448,49
2009-02-24,14.365,14.365,14.365,13.993,1
2009-02-25,13.873,13.873,13.873,13.873,42095
2009-02-26,13.675,13.72,12.915,12.95,25040
2009-02-27,13.1,13.335,12.795,13.085,2154
2009-03-02,13.09,13.34,12.69,13.05,1593
2009-03-03,12.8,12.86,12.455,12.695,572
2009-03-04,12.71,13.05,12.71,12.9,307
2009-03-05,13.035,13.27,12.94,13.105,209
2009-03-06,13.235,13.5,13.22,13.323,602
2009-03-09,13.295,13.385,12.82,12.95,659
2009-03-10,12.83,12.83,12.5,12.56,56
2009-03-11,12.625,12.85,12.6,12.815,162
2009-03-12,12.965,13.085,12.9,12.958,26
2009-03-13,12.98,13.295,12.96,13.23,104
2009-03-16,13.0,13.11,12.865,12.905,49
2009-03-17,12.9,12.91,12.68,12.685,46
2009-03-18,12.665,12.8,11.94,11.95,171
2009-03-19,13.4,13.6,13.4,13.5,668
2009-03-20,13.6,13.827,13.515,13.827,273
2009-03-23,13.75,13.862,13.695,13.862,41
2009-03-24,13.54,13.565,13.3,13.344,22
2009-03-25,13.36,13.5,13.145,13.424,16
2009-03-26,13.51,13.75,13.505,13.607,86
2009-03-27,13.5,13.5,13.17,13.251,126
2009-03-30,13.34,13.345,12.985,13.023,118
2009-03-31,13.035,13.075,12.685,12.975,16
2009-04-01,12.83,13.105,12.83,12.965,6
2009-04-02,12.925,13.015,12.63,13.015,96
2009-04-03,13.03,13.03,12.72,12.725,18
2009-04-06,12.485,12.51,12.1,12.105,174
2009-04-07,12.305,12.305,12.1,12.205,5
2009-04-08,12.325,12.325,12.24,12.335,2
2009-04-09,12.265,12.265,12.18,12.325,3
2009-04-13,12.72,12.763,12.72,12.763,9
2009-04-14,12.695,12.76,12.68,12.76,10
2009-04-15,12.905,12.915,12.83,12.795,4
2009-04-16,12.27,12.27,12.27,12.25,1
2009-04-17,11.785,11.785,11.785,11.785,14
2009-04-20,12.1,12.1,12.1,12.1,14
2009-04-21,12.035,12.035,12.035,12.055,1
2009-04-22,12.15,12.15,12.15,12.3,1
2009-04-23,12.755,12.805,12.755,12.75,20
2009-04-24,12.915,12.915,12.915,12.915,0
2009-04-27,12.95,12.95,12.95,12.95,0
2009-04-28,12.395,12.395,12.395,12.395,26669
2009-04-29,12.445,12.81,12.38,12.754,18690
2009-04-30,12.77,12.78,12.175,12.305,2726
2009-05-01,12.335,12.555,12.04,12.48,573
2009-05-04,12.465,13.135,12.425,13.093,337
2009-05-05,13.08,13.555,13.0,13.402,377
2009-05-06,13.31,13.79,13.305,13.692,83
2009-05-07,13.75,14.065,13.71,14.012,206
2009-05-08,13.8,14.025,13.8,13.935,225
2009-05-11,14.02,14.02,13.75,13.89,113
2009-05-12,13.91,14.235,13.845,14.195,181
2009-05-13,14.285,14.285,13.905,14.0,116
2009-05-14,13.805,14.035,13.735,14.02,15
2009-05-15,13.955,13.955,13.955,13.99,42
2009-05-18,13.78,13.81,13.76,13.81,112
2009-05-19,14.05,14.1,14.0,14.11,18
2009-05-20,14.345,14.36,14.25,14.27,65
2009-05-21,14.36,14.535,14.1,14.435,59
2009-05-22,14.49,14.76,14.43,14.683,137
2009-05-26,14.69,14.705,14.41,14.588,26
2009-05-27,14.52,14.93,14.52,14.853,101
2009-05-28,14.66,15.24,14.66,15.15,373
2009-05-29,15.4,15.75,15.4,15.6,30
2009-06-01,15.85,15.885,15.665,15.725,34
2009-06-02,15.945,15.945,15.945,15.945,2
2009-06-03,15.725,15.725,15.5,15.3,3
2009-06-04,15.385,15.44,15.385,15.883,207
2009-06-05,15.815,15.84,15.205,15.376,18
2009-06-08,15.28,15.28,14.89,14.943,3
2009-06-09,15.05,15.3,15.05,15.128,3
2009-06-10,15.213,15.213,15.065,15.213,16
2009-06-11,15.01,15.5,15.01,15.481,4
2009-06-12,15.32,15.32,14.79,14.865,57
2009-06-15,14.665,14.68,14.165,14.02,202
2009-06-16,14.235,14.235,14.17,14.12,25
2009-06-17,14.255,14.255,14.255,14.269,161
2009-06-18,14.229,14.229,14.229,14.229,161
2009-06-19,14.189,14.189,14.189,14.189,161
2009-06-22,13.692,13.692,13.692,13.694,16
2009-06-23,13.72,13.72,13.72,13.834,4
2009-06-24,13.899,13.899,13.899,13.899,4
2009-06-25,13.994,13.994,13.994,13.994,4
2009-06-26,14.165,14.165,14.165,14.117,29822
2009-06-29,14.08,14.11,13.81,13.947,11114
2009-06-30,13.86,14.125,13.435,13.574,2187
2009-07-01,13.6,13.85,13.59,13.74,1083
2009-07-02,13.74,13.74,13.28,13.393,671
2009-07-06,13.415,13.415,13.01,13.227,601
2009-07-07,13.31,13.35,13.08,13.209,141
2009-07-08,13.07,13.09,12.785,12.841,207
2009-07-09,12.84,12.924,12.785,12.924,138
2009-07-10,12.82,12.82,12.575,12.637,154
2009-07-13,12.665,12.845,12.48,12.785,278
2009-07-14,12.83,12.97,12.83,12.855,117
2009-07-15,13.115,13.335,13.115,13.203,83
2009-07-16,13.2,13.245,13.185,13.23,76
2009-07-17,13.26,13.398,13.075,13.398,35
2009-07-20,13.45,13.725,13.45,13.62,40
2009-07-21,13.63,13.63,13.473,13.473,39
2009-07-22,13.62,13.73,13.61,13.695,37
2009-07-23,13.765,13.765,13.765,13.765,10
2009-07-24,13.745,13.82,13.745,13.87,23
2009-07-27,13.895,14.05,13.895,13.985,55
2009-07-28,13.99,13.99,13.645,13.735,21
2009-07-29,13.55,13.61,13.265,13.253,27
2009-07-30,13.405,13.525,13.405,13.478,34
2009-07-31,13.915,13.933,13.915,13.933,4
2009-08-03,14.02,14.35,14.02,14.245,9
2009-08-04,14.19,14.63,14.19,14.688,5
2009-08-05,14.765,14.77,14.753,14.753,5
2009-08-06,14.765,14.91,14.638,14.638,9
2009-08-07,14.615,14.8,14.61,14.661,6
2009-08-10,14.348,14.348,14.348,14.348,6
2009-08-11,14.45,14.45,14.45,14.338,1
2009-08-12,14.47,14.6,14.47,14.578,43
2009-08-13,14.55,14.98,14.53,14.98,5
2009-08-14,15.1,15.1,15.1,14.715,4
2009-08-17,13.971,13.971,13.971,13.971,4
2009-08-18,13.956,13.956,13.956,13.956,4
2009-08-19,13.61,13.61,13.61,13.871,1
2009-08-20,13.9,13.9,13.9,13.876,92
2009-08-21,13.98,14.26,13.98,14.16,2
2009-08-24,14.155,14.191,14.155,14.191,9
2009-08-25,14.195,14.195,14.195,14.306,14
2009-08-26,14.335,14.335,14.26,14.251,2
2009-08-27,14.185,14.185,14.16,14.216,25979
2009-08-28,14.27,14.865,14.265,14.784,17162
2009-08-31,14.74,14.92,14.535,14.898,2340
2009-09-01,14.885,15.065,14.65,15.035,1080
2009-09-02,14.95,15.45,14.85,15.34,664
2009-09-03,15.405,16.26,15.38,16.268,815
2009-09-04,16.110001,16.299999,15.825,16.263,164
2009-09-08,16.225,16.790001,16.17,16.488001,159
2009-09-09,16.5,16.68,16.24,16.443001,423
2009-09-10,16.360001,16.684999,16.115,16.65,118
2009-09-11,16.719999,16.965,16.676001,16.676001,139
2009-09-14,16.530001,16.601,16.395,16.601,36
2009-09-15,16.549999,17.040001,16.545,16.978001,160
2009-09-16,17.219999,17.379999,17.219999,17.408001,74
2009-09-17,17.549999,17.555,17.243,17.243,115
2009-09-18,17.125,17.225,17.042999,17.042999,93
2009-09-21,16.700001,16.83,16.65,16.858,93
2009-09-22,17.08,17.275,17.08,17.093,43
2009-09-23,17.16,17.16,16.735001,16.888,13
2009-09-24,16.775,16.775,16.26,16.273001,37
2009-09-25,16.200001,16.209999,16.0,16.038,52
2009-09-28,16.049999,16.275,16.035,16.173,36
2009-09-29,16.065001,16.190001,16.065001,16.156,23
2009-09-30,16.4,16.445,16.4,16.636,33
2009-10-01,16.59,16.629999,16.59,16.417999,2
2009-10-02,16.27,16.475,16.035,16.208,6
2009-10-05,16.190001,16.205,16.165001,16.513,3
2009-10-06,16.99,17.370001,16.99,17.273001,3
2009-10-07,17.33,17.535,17.33,17.478001,3
2009-10-08,17.799999,17.799999,17.799999,17.799999,3
2009-10-09,17.665001,17.674999,17.59,17.674999,12
2009-10-12,17.844999,17.844999,17.790001,17.805,4
2009-10-13,17.844999,17.844999,17.665001,17.825001,2
2009-10-14,17.893,17.893,17.893,17.893,1
2009-10-15,17.65,17.690001,17.65,17.4,1
2009-10-16,17.405001,17.405001,17.405001,17.405001,1
2009-10-19,17.610001,17.610001,17.610001,17.610001,1
2009-10-20,17.542999,17.542999,17.542999,17.542999,1
2009-10-21,17.809999,17.809999,17.809999,17.809999,1
2009-10-22,17.530001,17.530001,17.530001,17.530001,1
2009-10-23,17.535,17.535,17.535,17.711,195
2009-10-26,17.389999,17.389999,17.389999,17.084,5
2009-10-27,16.92,16.92,16.790001,16.531,5
2009-10-28,16.231001,16.231001,16.231001,16.231001,36
2009-10-29,16.646,16.646,16.646,16.646,4
2009-10-30,16.246,16.246,16.246,16.246,69
2009-11-02,16.431,16.431,16.431,16.431,42
2009-11-03,17.171,17.171,16.885,17.171,9
2009-11-04,17.395,17.49,17.395,17.395,6
2009-11-05,17.4,17.4,17.395,17.4,10
2009-11-06,17.365,17.4,17.365,17.365,3
2009-11-09,17.469999,17.700001,17.469999,17.469999,80
2009-11-10,17.212,17.219999,17.212,17.212,2
2009-11-11,17.530001,17.530001,17.219999,17.527,1
2009-11-12,17.254999,17.645,17.195,17.254999,13
2009-11-13,17.370001,17.370001,17.084999,17.370001,12
2009-11-16,18.389999,18.389999,18.0,18.389999,2
2009-11-17,18.377001,18.377001,18.377001,18.377001,1
2009-11-18,18.407,18.594999,18.407,18.407,1
2009-11-19,18.447001,18.514999,18.200001,18.447001,3
2009-11-20,18.433001,18.433001,18.433001,18.433001,3
2009-11-23,18.603001,18.67,18.67,18.603001,1
2009-11-24,18.448,18.448,18.448,18.448,1
2009-11-25,18.766001,18.766001,18.766001,18.766001,47052
2009-11-27,18.674999,18.9,17.700001,18.302,29244
2009-11-30,18.344999,18.52,18.110001,18.495001,4180
2009-12-01,18.469999,19.26,18.4,19.18,1514
2009-12-02,19.295,19.43,19.125,19.295,1118
2009-12-03,19.209999,19.415001,18.815001,19.101999,1720
2009-12-04,18.496,18.84,18.299999,18.496,439
2009-12-07,18.360001,18.540001,17.905001,18.336,504
2009-12-08,17.785,18.280001,17.549999,17.785,232
2009-12-09,17.66,17.85,17.120001,17.158001,279
2009-12-10,17.173,17.48,17.173,17.173,61
2009-12-11,17.385,17.58,16.93,17.084,255
2009-12-14,17.326,17.405001,17.27,17.326,53
2009-12-15,17.434999,17.441,17.129999,17.441,58
2009-12-16,17.679001,17.709999,17.360001,17.679001,70
2009-12-17,17.18,17.620001,17.1,17.18,235
2009-12-18,17.305,17.305,17.139999,17.305,144
2009-12-21,17.4,17.4,16.98,17.02,62
2009-12-22,17.014999,17.049999,16.799999,17.014999,75
2009-12-23,17.174999,17.174999,17.110001,17.174999,12
2009-12-24,17.423,17.465,17.32,17.423,20
2009-12-28,17.542999,17.584999,17.535,17.542999,25
2009-12-29,17.091,17.450001,17.091,17.091,149
2009-12-30,16.99,16.99,16.76,16.778999,261
2009-12-31,16.822001,17.02,16.822001,16.822001,27
2010-01-04,17.440001,17.440001,16.870001,17.440001,28
2010-01-05,17.781,17.82,17.575001,17.781,38
2010-01-06,18.163,18.190001,17.84,18.163,19
2010-01-07,18.333,18.333,18.09,18.333,7
2010-01-08,18.458,18.458,18.120001,18.458,3
2010-01-11,18.683001,18.683001,18.683001,18.683001,22
2010-01-12,18.700001,18.700001,18.243,18.243,35
2010-01-13,18.538,18.538,18.538,18.538,15
2010-01-14,18.643,18.643,18.643,18.643,29
2010-01-15,18.395,18.395,18.389999,18.410999,54
2010-01-19,18.784,18.784,18.48,18.784,136
2010-01-20,17.865999,17.865999,17.865999,17.865999,6
2010-01-21,17.496,17.496,17.496,17.496,1
2010-01-22,16.917999,17.139999,16.917999,16.917999,5
2010-01-25,17.131001,17.131001,17.131001,17.131001,2
2010-01-26,16.846001,16.846001,16.846001,16.846001,1
2010-01-27,16.427999,16.427999,16.427999,16.427999,55
2010-01-28,16.202,16.202,16.202,16.202,135
2010-01-29,16.183001,16.34,16.1,16.183001,23
2010-02-01,16.653,16.653,16.653,16.653,128
2010-02-02,16.736,16.736,16.736,16.736,18
2010-02-03,16.620001,16.620001,16.360001,16.309999,3
2010-02-04,16.030001,16.030001,15.26,15.343,4
2010-02-05,14.823,14.823,14.823,14.823,54
2010-02-08,15.078,15.16,15.0,15.078,224
2010-02-09,15.431,15.431,15.431,15.431,3
2010-02-10,15.302,15.302,15.302,15.302,300
2010-02-11,15.592,15.592,15.592,15.592,91
2010-02-12,15.449,15.449,15.449,15.449,91
2010-02-16,16.15,16.15,16.15,16.15,48
2010-02-17,16.098,16.098,16.098,16.098,14
2010-02-18,16.059999,16.059999,16.059999,16.059999,14
2010-02-19,16.413,16.413,16.413,16.413,5
2010-02-22,16.222,16.222,16.222,16.222,5
2010-02-23,15.888,15.888,15.888,15.888,5
2010-02-24,15.94,15.94,15.94,15.94,45350
2010-02-25,15.93,16.155001,15.61,16.110001,36532
2010-02-26,16.084999,16.52,16.025,16.5,3883
2010-03-01,16.5,16.74,16.415001,16.448999,1010
2010-03-02,16.475,17.075001,16.32,17.044001,749
2010-03-03,16.945,17.35,16.895,17.309,852
2010-03-04,17.139999,17.35,17.059999,17.156,648
2010-03-05,17.362,17.475,17.129999,17.362,339
2010-03-08,17.252001,17.48,17.165001,17.252001,293
2010-03-09,17.318001,17.325001,16.91,17.318001,374
2010-03-10,16.993999,16.993999,16.993999,16.993999,256
2010-03-11,17.136,17.136,16.879999,17.136,474
2010-03-12,17.024,17.024,17.024,17.024,351
2010-03-15,17.083,17.120001,17.004999,17.083,285
2010-03-16,17.125,17.450001,17.125,17.333,53
2010-03-17,17.502001,17.502001,17.4,17.502001,55
2010-03-18,17.407,17.52,17.355,17.407,144
2010-03-19,17.017,17.365,16.99,17.017,209
2010-03-22,16.92,16.92,16.92,16.92,65
2010-03-23,17.011999,17.011999,17.011999,17.011999,29
2010-03-24,16.625999,16.625999,16.625999,16.625999,31
2010-03-25,16.726999,16.726999,16.726999,16.726999,111
2010-03-26,16.893999,16.92,16.59,16.893999,114
2010-03-29,17.372999,17.372999,17.372999,17.372999,137
2010-03-30,17.316,17.316,17.316,17.316,94
2010-03-31,17.511999,17.511999,17.511999,17.511999,24
2010-04-01,17.875999,17.945,17.559999,17.875999,17
2010-04-05,18.104,18.104,18.104,18.104,11
2010-04-06,17.917,17.917,17.917,17.917,19
2010-04-07,18.184999,18.215,18.17,18.184999,52
2010-04-08,18.115999,18.115999,18.115999,18.115999,44
2010-04-09,18.34,18.34,18.34,18.34,49
2010-04-12,18.403,18.549999,18.215,18.403,19
2010-04-13,18.238001,18.238001,18.238001,18.238001,13
2010-04-14,18.403999,18.403999,18.403999,18.403999,4
2010-04-15,18.424,18.424,18.424,18.424,2
2010-04-16,17.669001,17.669001,17.669001,17.669001,3
2010-04-19,17.725,17.725,17.725,17.725,3
2010-04-20,17.815001,17.815001,17.815001,17.815001,1
2010-04-21,18.073,18.073,17.889999,18.073,1
2010-04-22,18.006001,18.006001,18.006001,18.006001,2
2010-04-23,18.188999,18.188999,18.188999,18.188999,1
2010-04-26,18.334,18.334,18.334,18.334,11
2010-04-27,18.115999,18.115999,18.115999,18.115999,3
2010-04-28,18.107,18.107,18.107,18.107,44456
2010-04-29,18.09,18.565001,18.055,18.549,21023
2010-04-30,18.485001,18.764999,18.455,18.611,3374
2010-05-03,18.813,18.855,18.5,18.813,409
2010-05-04,18.805,18.82,17.790001,17.818001,2138
2010-05-05,17.511,17.834999,17.09,17.511,470
2010-05-06,17.493,17.709999,17.26,17.493,967
2010-05-07,18.429001,18.615,17.48,18.429001,418
2010-05-10,18.530001,18.530001,18.530001,18.530001,173
2010-05-11,19.271999,19.4,18.41,19.271999,167
2010-05-12,19.639999,19.65,19.295,19.639999,116
2010-05-13,19.476,19.476,19.476,19.476,85
2010-05-14,19.202,19.202,19.202,19.202,170
2010-05-17,18.834999,19.309999,18.799999,18.834999,564
2010-05-18,18.855,18.855,18.855,18.855,108
2010-05-19,18.091,18.091,18.091,18.091,9
2010-05-20,17.694,17.694,17.694,17.694,31
2010-05-21,17.74,17.775,17.5,17.631001,33
2010-05-24,17.982,17.982,17.982,17.982,48
2010-05-25,17.93,17.93,17.565001,17.763,51
2010-05-26,18.292,18.292,18.292,18.292,140
2010-05-27,18.457001,18.540001,18.174999,18.457001,195
2010-05-28,18.410999,18.6,18.379999,18.410999,15
2010-06-01,18.540001,18.629999,18.450001,18.540001,18
2010-06-02,18.304001,18.304001,18.304001,18.304001,11
2010-06-03,17.92,17.92,17.92,17.92,19
2010-06-04,17.290001,17.799999,17.290001,17.290001,8
2010-06-07,18.153,18.16,17.309999,18.153,49
2010-06-08,18.468,18.468,17.309999,18.468,1
2010-06-09,18.18,18.299999,18.165001,18.18,2
2010-06-10,18.341999,18.341999,18.341999,18.341999,2
2010-06-11,18.222,18.280001,18.200001,18.222,2
2010-06-14,18.402,18.402,18.402,18.402,2
2010-06-15,18.569,18.575001,18.200001,18.569,1
2010-06-16,18.431999,18.431999,18.431999,18.431999,1
2010-06-17,18.767,18.767,18.549999,18.767,2
2010-06-18,19.174999,19.174999,19.174999,19.174999,1
2010-06-21,18.802,18.802,18.802,18.802,1
2010-06-22,18.896,18.896,18.896,18.896,1
2010-06-23,18.454,18.454,18.454,18.454,1
2010-06-24,18.731001,18.731001,18.731001,18.731001,5
2010-06-25,19.105,19.105,19.105,19.105,5
2010-06-28,18.673,18.673,18.673,18.673,30687
2010-06-29,18.73,18.775,18.370001,18.594,13683
2010-06-30,18.671,18.77,18.450001,18.671,1885
2010-07-01,18.584999,18.66,17.719999,17.76,1177
2010-07-02,17.698,18.08,17.620001,17.698,793
2010-07-06,17.855,18.0,17.6,17.833,225
2010-07-07,17.979,18.055,17.555,17.979,178
2010-07-08,17.851999,18.165001,17.74,17.851999,155
2010-07-09,18.052999,18.052999,18.052999,18.052999,97
2010-07-12,17.896999,17.896999,17.896999,17.896999,36
2010-07-13,17.92,18.33,17.875,18.237,98
2010-07-14,18.274,18.35,18.105,18.274,120
2010-07-15,18.346001,18.42,18.195,18.346001,38
2010-07-16,17.773001,17.773001,17.773001,17.773001,269
2010-07-19,17.534,17.865,17.495001,17.534,302
2010-07-20,17.684999,17.684999,17.684999,17.684999,115
2010-07-21,17.798,17.895,17.655001,17.798,200
2010-07-22,18.115,18.115,18.115,18.115,12
2010-07-23,18.096001,18.190001,18.09,18.096001,228
2010-07-26,18.195,18.195,18.025,18.195,36
2010-07-27,17.621,18.209999,17.6,17.621,52
2010-07-28,17.423,17.423,17.423,17.423,133
2010-07-29,17.601,17.601,17.601,17.601,121
2010-07-30,17.987,17.987,17.987,17.987,1
2010-08-02,18.403,18.403,18.403,18.403,1
2010-08-03,18.407,18.407,18.407,18.407,3
2010-08-04,18.263,18.263,18.263,18.263,3
2010-08-05,18.308001,18.308001,18.308001,18.308001,3
2010-08-06,18.459,18.459,18.459,18.459,3
2010-08-09,18.229,18.229,18.229,18.229,3
2010-08-10,18.146,18.146,18.146,18.146,3
2010-08-11,17.889999,17.889999,17.889999,17.889999,3
2010-08-12,18.052999,18.052999,18.052999,18.052999,3
2010-08-13,18.097,18.097,18.097,18.097,2
2010-08-16,18.417999,18.417999,18.1,18.417999,5
2010-08-17,18.586,18.586,18.586,18.586,5
2010-08-18,18.389999,18.389999,18.389999,18.389999,6
2010-08-19,18.318001,18.318001,18.318001,18.318001,6
2010-08-20,17.982,17.982,17.982,17.982,3
2010-08-23,17.983,17.983,17.983,17.983,1
2010-08-24,18.368999,18.368999,18.368999,18.368999,1
2010-08-25,19.021999,19.021999,19.021999,19.021999,1
2010-08-26,18.978001,18.978001,18.978001,18.978001,3
2010-08-27,19.039,19.039,19.039,19.039,36100
2010-08-30,19.07,19.24,18.985001,19.038,6886
2010-08-31,19.025,19.4,18.83,19.398001,1753
2010-09-01,19.358999,19.495001,19.299999,19.358999,397
2010-09-02,19.370001,19.67,19.32,19.638,325
2010-09-03,19.915001,19.93,19.49,19.915001,218
2010-09-07,19.882999,20.0,19.584999,19.882999,352
2010-09-08,19.978001,20.110001,19.860001,19.978001,348
2010-09-09,19.813999,20.030001,19.65,19.813999,587
2010-09-10,19.802,20.004999,19.674999,19.802,726
2010-09-13,20.110001,20.18,19.99,20.110001,59
2010-09-14,20.400999,20.450001,20.15,20.400999,318
2010-09-15,20.542,20.542,20.542,20.542,103
2010-09-16,20.745001,20.745001,20.745001,20.745001,246
2010-09-17,20.790001,20.959999,20.635,20.790001,217
2010-09-20,20.777,20.905001,20.74,20.777,34
2010-09-21,20.620001,20.83,20.549999,20.620001,207
2010-09-22,21.08,21.135,20.975,21.035999,31
2010-09-23,21.194,21.194,21.194,21.194,19
2010-09-24,21.382999,21.440001,21.355,21.382999,130
2010-09-27,21.57,21.57,21.4,21.455,73
2010-09-28,21.35,21.655001,21.309999,21.688,139
2010-09-29,21.709999,21.75,21.709999,21.929001,13
2010-09-30,21.879999,21.879999,21.715,21.798,3
2010-10-01,21.959999,21.959999,21.959999,22.037001,1
2010-10-04,22.004999,22.025,22.0,22.013,11
2010-10-05,22.33,22.860001,22.33,22.714001,16
2010-10-06,23.049999,23.049999,23.02,23.02,4
2010-10-07,23.049999,23.049999,23.025,22.565001,4
2010-10-08,23.245001,23.245001,23.245001,23.087,1
2010-10-11,23.365,23.504999,23.365,23.330999,4
2010-10-12,23.17,23.205,23.165001,23.129,3
2010-10-13,23.914,23.914,23.914,23.914,3
2010-10-14,24.417,24.417,24.417,24.417,3
2010-10-15,24.075001,24.35,24.075001,24.271999,12
2010-10-18,24.23,24.434999,23.915001,24.396999,16
2010-10-19,24.305,24.305,23.535,23.764,30
2010-10-20,24.305,24.305,23.535,23.848,30
2010-10-21,23.735001,23.844999,23.735001,23.122999,20
2010-10-22,23.125,23.125,23.125,23.125,5
2010-10-25,23.34,23.450001,23.34,23.544001,93
2010-10-26,23.823999,23.823999,23.823999,23.823999,100
2010-10-27,23.969999,23.969999,23.719999,23.398001,52
2010-10-28,23.871,24.0,23.871,23.871,25
2010-10-29,23.875,24.700001,23.805,24.559999,47
2010-11-01,24.865,24.885,24.620001,24.548,7
2010-11-02,24.615,24.84,24.615,24.832001,6
2010-11-03,24.715,24.715,24.115,24.431999,47
2010-11-04,25.530001,26.039,25.49,26.039,35
2010-11-05,26.32,26.82,26.07,26.743999,35
2010-11-08,26.59,27.5,26.59,27.427999,33
2010-11-09,27.76,28.902,26.924999,28.902,169
2010-11-10,26.955,27.655001,26.955,26.861,17
2010-11-11,26.985001,27.025,26.985001,27.400999,2
2010-11-12,26.959999,26.98,26.035,25.938,50
2010-11-15,26.4,26.4,25.5,26.087999,11
2010-11-16,25.309999,25.365,25.1,25.229,17
2010-11-17,25.174999,25.545,25.055,25.507,20
2010-11-18,26.48,26.934999,26.34,26.83,58
2010-11-19,26.799999,26.799999,26.475,27.174999,75
2010-11-22,27.525,27.525,27.174999,27.457001,20
2010-11-23,27.457001,27.457001,27.457001,27.568001,20
2010-11-24,27.42,27.469999,27.379999,27.524,7
2010-11-26,27.389999,27.389999,27.389999,26.695,61873
2010-11-29,26.735001,27.27,26.450001,27.148001,48884
2010-11-30,27.190001,28.355,26.889999,28.184999,8378
2010-12-01,28.094999,28.799999,28.02,28.388,1602
2010-12-02,28.455,29.014999,28.334999,28.542,1375
2010-12-03,28.6,29.415001,28.58,29.240999,647
2010-12-06,29.495001,30.27,29.495001,29.705,323
2010-12-07,30.15,30.690001,28.57,29.747999,447
2010-12-08,28.940001,29.165001,28.01,28.224001,347
2010-12-09,28.299999,28.950001,28.299999,28.789,174
2010-12-10,28.790001,28.955,28.09,28.576,201
2010-12-13,28.945,29.655001,28.85,29.599001,75
2010-12-14,29.59,29.764999,29.290001,29.759001,119
2010-12-15,29.0,29.225,28.799999,29.225,34
2010-12-16,29.02,29.02,28.4,28.757,61
2010-12-17,29.07,29.25,28.75,29.113001,24
2010-12-20,29.365,29.365,28.83,29.334999,127
2010-12-21,29.280001,29.504999,29.200001,29.375999,61
2010-12-22,29.35,29.4,29.25,29.367001,47
2010-12-23,29.25,29.309999,29.049999,29.309999,171
2010-12-27,28.870001,29.264999,28.860001,29.235001,71
2010-12-28,29.575001,30.299999,29.545,30.297001,109
2010-12-29,30.355,30.615,30.34,30.679001,542
2010-12-30,30.855,30.9,30.424999,30.488001,203
2010-12-31,30.74,30.9,30.74,30.91,22
2011-01-03,30.855,31.195,30.615,31.096001,50
2011-01-04,30.450001,30.450001,29.465,29.492001,51
2011-01-05,29.754999,29.785,28.719999,29.173,121
2011-01-06,29.325001,29.344999,28.82,29.110001,196
2011-01-07,28.969999,29.280001,28.424999,28.660999,99
2011-01-10,28.9,29.02,28.9,28.851,8
2011-01-11,29.65,29.65,29.4,29.49,15
2011-01-12,29.799999,29.809999,29.532,29.532,43
2011-01-13,29.434999,29.48,28.58,29.252001,13
2011-01-14,28.865,28.865,28.1,28.309,68
2011-01-18,28.174999,28.924999,28.055,28.900999,86
2011-01-19,29.309999,29.325001,28.889999,28.792,10
2011-01-20,28.605,28.605,27.405001,27.459,76
2011-01-21,27.174999,27.325001,27.09,27.416,53
2011-01-24,27.174999,27.459999,26.955,27.318001,168
2011-01-25,26.915001,26.950001,26.565001,26.811001,77
2011-01-26,27.025,27.025,26.684999,27.132,49
2011-01-27,27.684999,27.684999,27.41,27.045,184
2011-01-28,26.695,27.950001,26.504999,27.934,64
2011-01-31,27.775,28.129999,27.775,28.174,44
2011-02-01,27.995001,28.625,27.995001,28.524,121
2011-02-02,28.219999,28.535,28.219999,28.299,20
2011-02-03,28.295,28.905001,28.295,28.733,39
2011-02-04,28.875,29.155001,28.790001,29.063999,21
2011-02-07,29.135,29.290001,29.135,29.348,4
2011-02-08,29.870001,30.094999,29.870001,30.271,3
2011-02-09,30.205,30.273001,30.07,30.273001,230
2011-02-10,29.85,29.85,29.85,30.091,56
2011-02-11,30.15,30.15,30.15,29.992001,1
2011-02-14,30.41,30.41,30.4,30.528999,39
2011-02-15,30.780001,30.795,30.780001,30.693001,10
2011-02-16,30.6,30.6,30.5,30.629999,10
2011-02-17,30.700001,30.709999,30.635,31.572001,37
2011-02-18,31.65,32.645,31.639999,32.298,77
2011-02-22,33.400002,34.009998,33.060001,32.863998,31
2011-02-23,33.075001,33.654999,33.075001,33.301998,23
2011-02-24,33.560001,33.560001,33.560001,33.179001,83200
2011-02-25,32.07,33.375,32.035,32.897999,37642
2011-02-28,33.34,33.965,33.25,33.804001,4514
2011-03-01,33.884998,34.689999,33.825001,34.416,1737
2011-03-02,34.700001,34.93,34.240002,34.825001,913
2011-03-03,34.580002,34.790001,34.044998,34.313,526
2011-03-04,34.244999,35.619999,34.200001,35.317001,649
2011-03-07,35.669998,36.73,35.650002,35.855,740
2011-03-08,35.814999,36.395,35.650002,35.653,659
2011-03-09,36.029999,36.395,35.66,36.042999,439
2011-03-10,35.945,36.174999,34.77,35.063999,162
2011-03-11,35.165001,36.060001,34.07,35.932999,234
2011-03-14,36.264999,36.325001,35.599998,35.825001,1001
2011-03-15,35.799999,35.799999,33.599998,34.116001,530
2011-03-16,34.349998,34.939999,33.900002,34.471001,235
2011-03-17,33.799999,34.599998,33.700001,34.259998,239
2011-03-18,34.834999,35.220001,34.805,35.060001,64
2011-03-21,35.75,36.16,35.705002,36.001999,105
2011-03-22,36.189999,36.404999,35.830002,36.271,266
2011-03-23,36.25,37.400002,36.25,37.202,320
2011-03-24,37.299999,38.130001,37.110001,37.388,494
2011-03-25,37.435001,37.625,37.0,37.057999,81
2011-03-28,37.18,37.215,36.450001,37.097,202
2011-03-29,36.650002,37.16,36.610001,36.977001,256
2011-03-30,37.049999,37.639999,36.959999,37.500999,215
2011-03-31,37.365002,37.919998,37.365002,37.872002,63
2011-04-01,37.5,37.775002,37.18,37.737,49
2011-04-04,38.325001,38.509998,38.325001,38.484001,18
2011-04-05,38.705002,39.305,38.299999,39.174999,45
2011-04-06,39.535,39.715,39.400002,39.383999,29
2011-04-07,39.560001,39.669998,39.459999,39.542,49
2011-04-08,39.845001,40.924999,39.845001,40.599998,65
2011-04-11,40.970001,41.724998,39.834999,40.604,19
2011-04-12,40.259998,40.775002,39.900002,40.057999,20
2011-04-13,40.209999,40.705002,40.209999,40.235001,13
2011-04-14,41.235001,41.849998,40.740002,41.660999,22
2011-04-15,42.5,42.790001,42.5,42.566002,8
2011-04-18,42.939999,42.939999,42.75,42.957001,31
2011-04-19,43.055,43.240002,43.055,43.918999,10
2011-04-20,44.599998,45.32,44.465,44.465,68
2011-04-21,45.119999,46.27,45.09,46.062,57
2011-04-25,47.235001,49.105,45.935001,47.151001,84
2011-04-26,46.110001,46.145,44.759998,45.057999,75
2011-04-27,45.240002,45.895,44.895,45.964001,170297
2011-04-28,47.825001,49.52,47.244999,47.52,40534
2011-04-29,48.459999,49.189999,47.540001,48.584,3975
2011-05-02,47.970001,48.084999,42.189999,46.077999,3936
2011-05-03,43.895,45.424999,40.845001,42.576,1682
2011-05-04,41.5,42.255001,38.98,39.382999,990
2011-05-05,39.215,39.52,34.439999,36.230999,963
2011-05-06,34.82,36.325001,33.535,35.283001,479
2011-05-09,35.540001,37.93,35.540001,37.110001,283
2011-05-10,37.700001,38.695,37.615002,38.48,171
2011-05-11,38.830002,39.380001,35.025002,35.508999,332
2011-05-12,34.845001,35.150002,32.595001,34.792999,131
2011-05-13,34.494999,36.404999,34.025002,35.011002,297
2011-05-16,35.215,35.224998,33.505001,34.129002,91
2011-05-17,33.75,34.150002,33.095001,33.487999,24
2011-05-18,34.439999,35.18,34.439999,35.094002,34
2011-05-19,35.400002,35.695,34.599998,34.926998,58
2011-05-20,34.654999,35.220001,34.259998,35.082001,67
2011-05-23,34.610001,35.105,34.395,34.901001,41
2011-05-24,35.0,36.66,35.0,36.120998,104
2011-05-25,36.650002,37.700001,36.650002,37.639999,151
2011-05-26,38.189999,38.825001,36.93,37.326,833
2011-05-27,37.400002,38.150002,37.400002,37.856998,350
2011-05-31,38.325001,38.650002,37.845001,38.303001,55
2011-06-01,38.224998,38.334999,36.474998,37.688999,439
2011-06-02,36.790001,37.25,35.66,36.200001,185
2011-06-03,36.18,36.209999,35.174999,36.187,436
2011-06-06,36.75,37.275002,36.52,36.776001,99
2011-06-07,37.0,37.439999,36.654999,37.040001,152
2011-06-08,36.720001,36.779999,36.099998,36.618999,21
2011-06-09,37.014999,37.490002,36.900002,37.423,48
2011-06-10,37.650002,37.830002,36.400002,36.326,24
2011-06-13,36.049999,36.049999,34.736,34.736,43
2011-06-14,34.959999,35.455002,34.619999,35.41,23
2011-06-15,35.650002,35.799999,35.09,35.405998,15
2011-06-16,35.650002,35.650002,35.349998,35.553001,7
2011-06-17,35.195,35.805,35.195,35.738998,12
2011-06-20,35.799999,36.07,35.73,36.064999,14
2011-06-21,36.07,36.549999,36.07,36.373001,21
2011-06-22,36.189999,36.734001,36.189999,36.734001,20
2011-06-23,35.564999,35.57,35.005001,35.005001,12
2011-06-24,35.334999,35.334999,34.935001,34.640999,6
2011-06-27,33.955002,33.955002,33.580002,33.580002,14
2011-06-28,33.724998,34.035,33.724998,33.632999,60150
2011-06-29,33.904999,34.93,33.849998,34.75,33621
2011-06-30,34.884998,35.139999,34.450001,34.812,2964
2011-07-01,34.68,34.68,33.474998,33.694,1803
2011-07-05,33.830002,35.650002,33.830002,35.402,1252
2011-07-06,35.435001,36.195,35.119999,35.910999,1413
2011-07-07,36.150002,36.625,35.740002,36.528,214
2011-07-08,36.424999,36.82,36.080002,36.535999,280
2011-07-11,36.66,36.810001,35.625,35.688999,310
2011-07-12,35.845001,36.389999,34.849998,35.629002,278
2011-07-13,36.139999,38.185001,36.130001,38.147999,384
2011-07-14,38.52,39.355,38.099998,38.688999,368
2011-07-15,38.384998,39.305,37.91,39.063,234
2011-07-18,39.77,40.669998,39.639999,40.333,545
2011-07-19,40.330002,40.869999,38.705002,40.210999,665
2011-07-20,38.834999,40.060001,38.435001,39.546001,142
2011-07-21,39.889999,40.259998,38.937,38.937,64
2011-07-22,39.189999,40.255001,39.189999,40.112999,80
2011-07-25,40.450001,40.974998,40.115002,40.354,97
2011-07-26,40.279999,40.900002,40.130001,40.691002,215
2011-07-27,40.945,41.419998,40.505001,40.553001,492
2011-07-28,40.395,40.395,39.435001,39.778999,143
2011-07-29,39.445,40.380001,39.445,40.091999,71
2011-08-01,39.625,39.82,39.169998,39.298,53
2011-08-02,39.709999,40.869999,39.709999,40.081001,25
2011-08-03,41.310001,41.904999,41.080002,41.747002,60
2011-08-04,41.619999,42.200001,38.985001,39.417999,84
2011-08-05,38.919998,39.459999,37.790001,38.196999,31
2011-08-08,39.080002,40.215,38.849998,39.374001,29
2011-08-09,38.865002,38.865002,37.215,37.876999,31
2011-08-10,38.299999,39.380001,38.095001,39.325001,16
2011-08-11,38.224998,38.860001,38.224998,38.655998,248
2011-08-12,38.57,38.73,38.57,39.101002,100
2011-08-15,39.470001,39.470001,39.470001,39.298,3
2011-08-16,39.775002,40.080002,39.360001,39.820999,309
2011-08-17,39.845001,40.305,39.845001,40.349998,2
2011-08-18,40.687,40.687,40.687,40.687,2
2011-08-19,42.195,42.195,42.075001,42.428001,4
2011-08-22,43.654999,43.855,42.950001,43.320999,19
2011-08-23,43.955002,44.150002,41.974998,42.280998,94
2011-08-24,41.294998,41.445,40.994999,39.157001,46
2011-08-25,40.740002,40.740002,40.740002,40.740002,46
2011-08-26,40.946999,40.946999,40.946999,40.946999,46
2011-08-29,40.541,40.541,40.541,40.541,43237
2011-08-30,40.805,41.669998,40.424999,41.397999,18996
2011-08-31,41.294998,42.009998,41.150002,41.699001,2300
2011-09-01,41.584999,41.785,41.189999,41.481998,1235
2011-09-02,41.52,43.395,41.52,43.02,703
2011-09-06,43.005001,43.279999,41.66,41.818001,421
2011-09-07,41.895,41.895,40.580002,41.571999,295
2011-09-08,41.52,42.619999,41.52,42.479,264
2011-09-09,42.279999,42.474998,41.299999,41.573002,230
2011-09-12,41.224998,41.349998,39.700001,40.164001,196
2011-09-13,40.544998,41.189999,40.310001,41.123001,149
2011-09-14,41.075001,41.174999,40.400002,40.469002,344
2011-09-15,40.735001,40.735001,39.452999,39.452999,263
2011-09-16,39.474998,40.780998,39.474998,40.780998,51
2011-09-19,40.709999,40.709999,39.110001,39.110001,52
2011-09-20,39.514999,40.150002,39.375,40.081001,121
2011-09-21,40.110001,40.445,39.505001,40.419998,78
2011-09-22,39.619999,39.619999,35.5,36.537998,150
2011-09-23,36.470001,36.529999,30.051001,30.051001,293
2011-09-26,30.785,30.785,26.584999,29.927,140
2011-09-27,30.379999,32.849998,30.379999,31.497,117
2011-09-28,31.690001,32.419998,30.629999,30.084999,250
2011-09-29,29.83,30.700001,29.264999,30.472,94
2011-09-30,29.9,30.275,29.684999,30.041,9
2011-10-03,29.965,31.200001,29.93,30.75,30
2011-10-04,31.184999,31.25,29.43,29.795,43
2011-10-05,28.605,30.389999,28.41,30.316999,179
2011-10-06,30.34,31.969999,30.34,31.969999,8
2011-10-07,31.905001,32.529999,30.764999,30.958,55
2011-10-10,32.25,32.25,32.200001,31.944,57
2011-10-11,32.255001,32.255001,32.044998,31.962999,10
2011-10-12,32.754002,32.754002,32.754002,32.754002,10
2011-10-13,31.790001,31.809999,31.632999,31.632999,4
2011-10-14,31.809999,32.419998,31.559999,32.139999,27
2011-10-17,32.02,32.445,31.99,31.791,5
2011-10-18,30.65,30.85,30.65,31.801001,32
2011-10-19,31.825001,31.84,31.08,31.252001,59
2011-10-20,30.370001,30.375,30.105,30.266001,7
2011-10-21,30.625,31.280001,30.625,31.173,3
2011-10-24,31.355,32.0,31.355,31.620001,4
2011-10-25,32.959999,33.209999,32.959999,33.034,33
2011-10-26,33.59,33.59,33.285,33.291,10
2011-10-27,33.935001,35.32,33.935001,35.095001,85
2011-10-28,35.455002,35.455002,34.875,35.27,55
2011-10-31,34.27,34.470001,34.169998,34.337002,60
2011-11-01,32.869999,33.419998,32.722,32.722,14
2011-11-02,33.400002,33.929001,33.365002,33.929001,8
2011-11-03,33.990002,34.794998,33.860001,34.487999,19
2011-11-04,34.0,34.18,33.959999,34.07,39
2011-11-07,34.07,34.812,34.07,34.812,108
2011-11-08,35.137001,35.137001,35.137001,35.137001,70
2011-11-09,34.994999,35.040001,34.965,34.348,48
2011-11-10,34.095001,34.095001,34.095001,34.095001,48
2011-11-11,34.671001,34.671001,34.671001,34.671001,48
2011-11-14,34.013,34.013,34.013,34.013,48
2011-11-15,34.599998,34.599998,34.599998,34.448002,1
2011-11-16,34.235001,34.459999,33.813999,33.813999,3
2011-11-17,31.559999,31.565001,31.379999,31.493,13
2011-11-18,32.412998,32.412998,32.412998,32.412998,0
2011-11-21,31.174999,31.174999,31.040001,31.113001,3
2011-11-22,31.879999,33.0,31.879999,32.948002,16
2011-11-23,31.620001,31.882,31.620001,31.882,2
2011-11-25,31.190001,31.235001,31.011999,31.011999,11
2011-11-28,32.060001,32.16,32.060001,32.16,41025
2011-11-29,32.0,32.145,31.440001,31.853001,16524
2011-11-30,31.895,32.915001,31.135,32.730999,2427
2011-12-01,32.715,33.380001,32.490002,32.695,629
2011-12-02,32.814999,33.555,32.380001,32.620998,297
2011-12-05,32.735001,32.959999,31.85,32.306,402
2011-12-06,32.09,32.672001,31.700001,32.672001,192
2011-12-07,32.529999,32.665001,32.360001,32.555,209
2011-12-08,32.580002,33.150002,31.459999,31.466999,161
2011-12-09,31.969999,32.255001,31.83,32.173,109
2011-12-12,31.754999,31.754999,30.934999,30.934999,219
2011-12-13,31.275,31.4,30.450001,31.195,95
2011-12-14,30.98,30.99,28.65,28.881001,90
2011-12-15,28.915001,29.225,28.665001,29.225,82
2011-12-16,29.75,29.75,29.475,29.615,57
2011-12-19,29.6,29.6,28.68,28.822001,91
2011-12-20,29.23,29.496,29.200001,29.496,44
2011-12-21,29.82,29.975,29.184999,29.198,30
2011-12-22,29.235001,29.235001,29.000999,29.000999,12
2011-12-23,29.219999,29.280001,29.02,29.046,53
2011-12-27,28.969999,28.969999,28.697001,28.697001,11
2011-12-28,28.594999,28.594999,27.191999,27.191999,300
2011-12-29,26.924999,27.52,26.385,27.274,168
2011-12-30,27.485001,28.34,27.375,27.875,181
2012-01-03,28.165001,29.629999,28.110001,29.533001,137
2012-01-04,29.415001,29.625,29.055,29.063,67
2012-01-05,29.08,29.35,28.700001,29.264999,33
2012-01-06,29.35,29.405001,28.653,28.653,79
2012-01-09,28.82,29.15,28.749001,28.749001,61
2012-01-10,29.719999,30.1,29.690001,29.783001,100
2012-01-11,29.955,29.99,29.780001,29.858,153
2012-01-12,30.549999,30.639999,30.091999,30.091999,72
2012-01-13,29.639999,29.85,29.493,29.493,92
2012-01-17,30.5,30.5,30.106001,30.106001,58
2012-01-18,29.950001,30.514,29.9,30.514,213
2012-01-19,30.440001,30.482,30.34,30.482,7
2012-01-20,30.514999,31.646999,30.514999,31.646999,77
2012-01-23,32.549999,32.66,32.220001,32.233002,86
2012-01-24,32.169998,32.169998,31.931,31.931,42
2012-01-25,32.200001,33.189999,31.68,33.091999,98
2012-01-26,33.349998,33.702,33.349998,33.702,13
2012-01-27,33.52,33.75,33.299999,33.747002,186
2012-01-30,33.264999,33.497002,33.105,33.497002,59
2012-01-31,33.599998,33.799999,32.990002,33.233002,122
2012-02-01,33.169998,33.900002,33.165001,33.778,93
2012-02-02,33.805,34.334999,33.669998,34.151001,144
2012-02-03,34.240002,34.240002,33.505001,33.724998,118
2012-02-06,33.5,33.75,33.345001,33.722,82
2012-02-07,33.25,34.290001,33.25,34.165001,49
2012-02-08,34.400002,34.400002,33.673,33.673,22
2012-02-09,33.810001,34.400002,33.810001,33.883999,37
2012-02-10,33.900002,33.900002,33.375,33.576,86
2012-02-13,33.630001,33.849998,33.630001,33.695999,115
2012-02-14,33.525002,33.705002,33.326,33.326,63
2012-02-15,33.685001,33.75,33.345001,33.386002,99
2012-02-16,32.799999,33.354,32.700001,33.354,50
2012-02-17,33.549999,33.549999,33.200001,33.200001,49
2012-02-21,33.52,34.412998,33.52,34.412998,36
2012-02-22,34.264999,34.264999,34.075001,34.238998,36
2012-02-23,34.305,35.543999,34.305,35.543999,74
2012-02-24,35.419998,35.59,35.332001,35.332001,17
2012-02-27,35.380001,35.549999,35.345001,35.515999,61904
2012-02-28,35.450001,37.224998,35.314999,37.139999,26149
2012-02-29,36.93,37.48,33.75,34.583,4321
2012-03-01,34.619999,35.615002,34.505001,35.611,1127
2012-03-02,35.5,35.5,34.380001,34.480999,524
2012-03-05,34.785,34.785,33.535,33.651001,792
2012-03-06,34.029999,34.029999,32.455002,32.741001,495
2012-03-07,32.939999,33.542999,32.805,33.542999,196
2012-03-08,33.764999,33.869999,33.400002,33.789001,119
2012-03-09,33.845001,34.32,33.279999,34.174999,75
2012-03-12,33.939999,33.965,33.369999,33.374001,199
2012-03-13,33.654999,33.759998,33.264999,33.543999,60
2012-03-14,32.990002,33.099998,31.620001,32.146999,71
2012-03-15,32.084999,32.693001,31.99,32.693001,80
2012-03-16,32.115002,32.584999,32.115002,32.573002,14
2012-03-19,32.650002,32.990002,32.450001,32.925999,28
2012-03-20,32.130001,32.330002,31.805,31.805,70
2012-03-21,32.200001,32.299999,32.07,32.199001,23
2012-03-22,32.294998,32.294998,31.190001,31.319,124
2012-03-23,31.5,32.248001,31.5,32.248001,38
2012-03-26,32.139999,32.726002,32.119999,32.726002,35
2012-03-27,32.990002,32.990002,32.599998,32.601002,99
2012-03-28,32.450001,32.450001,31.816,31.816,151
2012-03-29,32.040001,32.040001,31.645,31.978001,19
2012-03-30,32.32,32.469002,32.32,32.469002,2
2012-04-02,33.105,33.105,32.970001,33.083,21
2012-04-03,33.25,33.25,33.25,33.25,5
2012-04-04,31.028999,31.028999,31.028999,31.028999,5
2012-04-05,31.285,31.75,31.285,31.716,5
2012-04-09,31.513,31.513,31.513,31.513,5
2012-04-10,31.67,31.76,31.67,31.67,5
2012-04-11,31.511,31.511,31.511,31.511,5
2012-04-12,31.59,32.514999,31.59,32.514999,127
2012-04-13,31.379999,31.379999,31.379999,31.379999,25
2012-04-16,31.364,31.364,31.364,31.364,71
2012-04-17,31.665001,31.665001,31.665001,31.665001,71
2012-04-18,31.545,31.605,31.465,31.478001,40
2012-04-19,31.469999,31.771,31.469999,31.771,11
2012-04-20,31.643999,31.643999,31.643999,31.643999,11
2012-04-23,31.559999,31.610001,30.525,30.525,8
2012-04-24,30.725,30.965,30.725,30.74,19
2012-04-25,30.76,30.924999,30.351,30.351,4
2012-04-26,31.202999,31.202999,31.202999,31.202999,43708
2012-04-27,31.030001,31.395,30.885,31.347,22059
2012-04-30,31.26,31.379999,30.549999,30.959,2408
2012-05-01,31.045,31.280001,30.764999,30.877001,867
2012-05-02,30.844999,30.9,30.41,30.591999,312
2012-05-03,30.395,30.48,29.879999,29.959,109
2012-05-04,30.045,30.379999,30.035,30.379999,53
2012-05-07,30.15,30.15,29.905001,30.072001,29
2012-05-08,29.91,29.91,29.16,29.414,102
2012-05-09,28.75,29.27,28.735001,29.197001,82
2012-05-10,29.15,29.209999,29.0,29.136,52
2012-05-11,28.5,29.004999,28.485001,28.858,15
2012-05-14,28.25,28.395,28.17,28.319,32
2012-05-15,28.049999,28.360001,27.635,28.054001,20
2012-05-16,27.684999,27.684999,26.895,27.17,9
2012-05-17,27.205,28.125,27.205,27.996,67
2012-05-18,28.030001,28.709999,28.030001,28.694,98
2012-05-21,28.304001,28.304001,28.304001,28.304001,11
2012-05-22,28.35,28.610001,28.0,28.165001,41
2012-05-23,27.68,27.74,27.299999,27.507999,58
2012-05-24,28.105,28.445,28.07,28.142,48
2012-05-25,28.415001,28.415001,28.370001,28.370001,16
2012-05-29,28.225,28.24,27.767,27.767,399
2012-05-30,27.764999,28.0,27.41,27.962,67
2012-05-31,27.825001,28.15,27.57,27.740999,167
2012-06-01,27.719999,28.51,27.26,28.497,44
2012-06-04,28.379999,28.415001,27.992001,27.992001,10
2012-06-05,28.135,28.389999,28.08,28.389999,25
2012-06-06,29.23,29.476,29.23,29.476,5
2012-06-07,29.245001,29.245001,28.518999,28.518999,14
2012-06-08,27.940001,28.461,27.940001,28.461,17
2012-06-11,28.620001,28.66,28.606001,28.606001,16
2012-06-12,28.42,28.943001,28.42,28.943001,4
2012-06-13,28.785,29.055,28.785,28.934999,5
2012-06-14,28.9,28.9,28.17,28.400999,9
2012-06-15,28.645,28.733999,28.645,28.733999,1
2012-06-18,28.445,28.77,28.434999,28.665001,5
2012-06-19,28.362,28.379999,28.34,28.362,24
2012-06-20,28.025,28.525,28.01,28.382999,7
2012-06-21,27.855,27.879999,26.833,26.833,6
2012-06-22,26.790001,26.809999,26.65,26.657,161
2012-06-25,26.68,27.518,26.639999,27.518,15
2012-06-26,27.037001,27.037001,27.037001,27.037001,1
2012-06-27,26.879999,26.941,26.879999,26.941,52011
2012-06-28,26.875,27.065001,26.07,26.247,23940
2012-06-29,26.26,27.84,26.235001,27.58,2012
2012-07-02,27.440001,27.549999,27.195,27.468,503
2012-07-03,27.445,28.370001,27.440001,28.243,189
2012-07-05,28.084999,28.334999,27.495001,27.638,360
2012-07-06,27.66,27.674999,26.885,26.889,264
2012-07-09,27.125,27.410999,27.09,27.410999,265
2012-07-10,27.235001,27.5,26.73,26.851,348
2012-07-11,26.985001,27.16,26.815001,26.995001,191
2012-07-12,26.76,27.136,26.445,27.136,55
2012-07-13,27.219999,27.475,27.139999,27.344,93
2012-07-16,27.129999,27.297001,26.885,27.297001,176
2012-07-17,27.290001,27.325001,26.77,27.292,1101
2012-07-18,27.264999,27.264999,26.915001,27.070999,54
2012-07-19,27.219999,27.395,27.194,27.194,19
2012-07-20,27.16,27.278999,27.01,27.278999,18
2012-07-23,26.950001,27.018999,26.950001,27.018999,58
2012-07-24,26.860001,26.860001,26.775,26.790001,100
2012-07-25,27.24,27.445,27.24,27.445,5
2012-07-26,27.555,27.620001,27.431,27.431,42
2012-07-27,27.478001,27.478001,27.478001,27.478001,207
2012-07-30,27.57,28.059999,27.549999,28.014,102
2012-07-31,28.084999,28.23,27.895,27.895,26
2012-08-01,27.049999,27.517,27.049999,27.517,42
2012-08-02,27.389999,27.475,26.965,26.981001,26
2012-08-03,27.790001,27.790001,27.790001,27.790001,3
2012-08-06,27.851999,27.851999,27.851999,27.851999,2
2012-08-07,27.895,28.075001,27.895,28.075001,6
2012-08-08,28.066999,28.066999,28.066999,28.066999,0
2012-08-09,28.040001,28.09,28.040001,28.09,10
2012-08-10,27.764999,28.055,27.75,28.055,2
2012-08-13,27.844999,27.844999,27.76,27.76,1
2012-08-14,27.84,27.84,27.684999,27.756001,15
2012-08-15,27.82,27.92,27.795,27.805,36
2012-08-16,27.92,28.205,27.92,28.205,37
2012-08-17,28.120001,28.139999,27.995001,27.995001,5
2012-08-20,28.385,28.586,28.385,28.586,30
2012-08-21,28.67,29.421,28.67,29.421,19
2012-08-22,29.549,29.549,29.549,29.549,0
2012-08-23,30.594999,30.75,30.447001,30.447001,26
2012-08-24,30.35,30.65,30.35,30.606001,30
2012-08-27,30.9,31.110001,30.9,31.039,89
2012-08-28,30.868999,30.868999,30.809999,30.868999,14
2012-08-29,30.75,30.830999,30.75,30.830999,42548
2012-08-30,30.674999,30.889999,30.195,30.367001,14491
2012-08-31,30.434999,31.700001,30.27,31.370001,858
2012-09-04,31.66,32.360001,31.52,32.348,326
2012-09-05,32.294998,32.310001,32.035,32.271999,367
2012-09-06,32.224998,32.865002,32.200001,32.618999,521
2012-09-07,32.57,33.685001,32.029999,33.632999,115
2012-09-10,33.654999,33.849998,33.310001,33.574001,190
2012-09-11,33.700001,33.764999,33.419998,33.508999,76
2012-09-12,33.700001,33.700001,32.509998,33.233002,53
2012-09-13,33.285,34.75,32.709999,34.716,144
2012-09-14,34.595001,34.744999,34.380001,34.603001,225
2012-09-17,34.665001,34.665001,34.200001,34.298,771
2012-09-18,34.029999,34.845001,34.0,34.644001,91
2012-09-19,34.575001,34.845001,34.519001,34.519001,83
2012-09-20,34.259998,34.618,34.200001,34.618,45
2012-09-21,34.869999,35.09,34.48,34.567001,91
2012-09-24,33.904999,34.075001,33.814999,33.921001,125
2012-09-25,34.244999,34.244999,33.886002,33.886002,51
2012-09-26,33.700001,33.882999,33.674999,33.882999,321
2012-09-27,33.91,34.689999,33.860001,34.595001,324
2012-09-28,34.610001,34.75,34.48,34.516998,78
2012-10-01,34.375,34.900002,34.375,34.881001,23
2012-10-02,34.900002,34.900002,34.57,34.604,28
2012-10-03,34.529999,34.740002,34.490002,34.631001,25
2012-10-04,34.98,35.041,34.700001,35.041,24
2012-10-05,34.860001,34.950001,34.389999,34.515999,61
2012-10-08,33.880001,34.049999,33.865002,33.981998,210
2012-10-09,33.900002,33.951,33.625,33.951,80
2012-10-10,33.825001,34.073002,33.735001,34.073002,25
2012-10-11,34.049999,34.049999,34.046001,34.046001,1
2012-10-12,33.735001,33.735001,33.632999,33.632999,1
2012-10-15,32.57,32.755001,32.57,32.707001,4
2012-10-16,32.764999,32.970001,32.764999,32.922001,9
2012-10-17,33.02,33.200001,33.02,33.196999,2
2012-10-18,32.785,32.98,32.785,32.838001,15
2012-10-19,32.610001,32.610001,32.040001,32.073002,39
2012-10-22,32.150002,32.227001,32.150002,32.227001,10
2012-10-23,31.9,31.9,31.700001,31.768,23
2012-10-24,31.594999,31.85,31.594999,31.594999,1
2012-10-25,32.0,32.049,32.0,32.049,1
2012-10-26,32.119999,32.305,31.65,32.011002,27
2012-10-31,32.189999,32.287998,32.189999,32.287998,4
2012-11-01,32.470001,32.470001,32.226002,32.226002,2
2012-11-02,32.105,32.105,30.834999,30.834999,10
2012-11-05,30.785,31.155001,30.785,31.113001,15
2012-11-06,31.120001,32.150002,31.120001,32.019001,23
2012-11-07,31.955,32.154999,31.57,31.650999,34
2012-11-08,31.809999,32.349998,31.809999,32.230999,23
2012-11-09,32.275002,32.665001,32.095001,32.59,6
2012-11-12,32.513,32.513,32.513,32.513,0
2012-11-13,32.215,32.57,32.195,32.478001,12
2012-11-14,32.639999,32.870998,32.639999,32.870998,5
2012-11-15,32.665001,32.665001,32.665001,32.665001,0
2012-11-16,32.361,32.361,32.361,32.361,0
2012-11-19,33.181,33.181,33.181,33.181,0
2012-11-20,32.923,32.923,32.923,32.923,1
2012-11-21,33.344002,33.344002,33.344002,33.344002,0
2012-11-23,33.334999,34.111,33.32,34.111,4
2012-11-26,34.005001,34.138,34.005001,34.138,8
2012-11-27,34.099998,34.099998,33.981998,33.981998,2
2012-11-28,33.560001,33.681,33.525002,33.681,90510
2012-11-29,33.75,34.395,33.535,34.348,16173
2012-11-30,34.23,34.345001,33.139999,33.203999,1463
2012-12-03,33.5,33.849998,33.41,33.681,445
2012-12-04,33.400002,33.48,32.720001,32.734001,443
2012-12-05,32.93,33.165001,32.529999,32.882999,442
2012-12-06,32.75,33.150002,32.544998,33.039001,227
2012-12-07,33.049999,33.220001,32.645,33.053001,134
2012-12-10,33.139999,33.400002,33.139999,33.299999,92
2012-12-11,33.07,33.189999,32.775002,32.941002,435
2012-12-12,32.990002,33.707001,32.990002,33.707001,573
2012-12-13,33.360001,33.360001,32.255001,32.279999,880
2012-12-14,32.490002,32.630001,32.223,32.223,315
2012-12-17,32.290001,32.334999,32.105,32.206001,72
2012-12-18,32.43,32.459999,31.35,31.594999,192
2012-12-19,31.709999,31.725,30.98,31.045,357
2012-12-20,31.01,31.200001,29.612,29.612,645
2012-12-21,29.950001,30.16,29.635,30.142,252
2012-12-24,30.084999,30.084999,29.839001,29.839001,7
2012-12-26,30.18,30.205,29.983,29.983,38
2012-12-27,29.950001,30.184,29.950001,30.184,485
2012-12-28,30.200001,30.200001,29.92,29.92,202
2012-12-31,30.09,30.375,30.09,30.173,7
2013-01-02,30.629999,31.084999,30.584999,30.952,13
2013-01-03,30.775,31.0,30.455,30.671,24
2013-01-04,29.434999,30.209999,29.209999,29.896,125
2013-01-07,30.395,30.395,29.91,30.032,91
2013-01-08,30.254999,30.415001,30.125,30.415001,57
2013-01-09,30.094999,30.27,30.094999,30.201,70
2013-01-10,30.76,30.875,30.665001,30.875,52
2013-01-11,30.780001,30.780001,30.15,30.367001,55
2013-01-14,30.620001,31.08,30.620001,31.08,25
2013-01-15,30.950001,31.497999,30.950001,31.497999,23
2013-01-16,31.375,31.514,31.254999,31.514,8
2013-01-17,31.305,31.785999,31.165001,31.785999,28
2013-01-18,32.060001,32.060001,31.764999,31.902,54
2013-01-22,31.834999,32.25,31.834999,32.146999,13
2013-01-23,32.134998,32.409,32.134998,32.409,3
2013-01-24,31.735001,31.75,31.695,31.695,2
2013-01-25,31.18,31.18,31.18,31.18,0
2013-01-28,31.0,31.0,30.756001,30.756001,4
2013-01-29,31.065001,31.159,31.065001,31.159,68
2013-01-30,31.5,32.259998,31.5,32.152,60
2013-01-31,31.865,31.865,31.299999,31.334999,3
2013-02-01,31.6,31.941999,31.6,31.941999,1
2013-02-04,31.705,31.705,31.690001,31.700001,4
2013-02-05,32.02,32.02,31.67,31.858999,2
2013-02-06,31.861,31.861,31.861,31.861,0
2013-02-07,31.485001,31.76,31.344999,31.386999,34
2013-02-08,31.450001,31.6,31.4,31.424999,48
2013-02-11,31.16,31.174999,30.895,30.895,22
2013-02-12,30.82,31.08,30.799999,31.004,53
2013-02-13,30.889999,30.924999,30.854,30.854,55
2013-02-14,30.985001,31.040001,30.343,30.343,73
2013-02-15,30.25,30.25,29.77,29.839001,67
2013-02-19,30.040001,30.045,29.413,29.413,58
2013-02-20,28.74,28.74,28.315001,28.615,9
2013-02-21,28.445,28.695,28.445,28.695,1
2013-02-22,28.42,28.455999,28.42,28.455999,2
2013-02-25,28.975,28.99,28.965,28.983,11
2013-02-26,29.256001,29.256001,29.256001,29.256001,70905
2013-02-27,29.360001,29.389999,28.83,28.943001,25170
2013-02-28,28.955,29.135,28.389999,28.395,1524
2013-03-01,28.485001,28.745001,27.959999,28.451,947
2013-03-04,28.635,28.700001,28.457001,28.457001,78
2013-03-05,28.58,28.995001,28.563,28.563,309
2013-03-06,28.674999,28.995001,28.58,28.76,212
2013-03-07,28.955,29.040001,28.735001,28.767,53
2013-03-08,28.85,29.190001,28.35,28.909,333
2013-03-11,28.860001,28.959999,28.719999,28.812,124
2013-03-12,28.940001,29.290001,28.84,29.131001,58
2013-03-13,29.030001,29.215,28.83,28.922001,69
2013-03-14,28.799999,28.799999,28.57,28.771999,30
2013-03-15,28.885,28.889999,28.75,28.816999,62
2013-03-18,28.815001,29.049999,28.684999,28.841,98
2013-03-19,28.84,29.049999,28.684999,28.809999,245
2013-03-20,28.879999,28.879999,28.424999,28.783001,23
2013-03-21,28.940001,29.190001,28.940001,29.179001,144
2013-03-22,29.105,29.105,28.594999,28.666,135
2013-03-25,28.459999,28.785,28.459999,28.785,64
2013-03-26,28.785,28.785,28.575001,28.643999,126
2013-03-27,28.665001,28.665001,28.120001,28.577,163
2013-03-28,28.719999,28.719999,28.292,28.292,8
2013-04-01,27.959999,27.975,27.855,27.913,23
2013-04-02,27.9,27.92,27.17,27.216999,7
2013-04-03,27.105,27.209999,26.700001,26.773001,95
2013-04-04,26.91,26.959999,26.705,26.747999,192
2013-04-05,26.860001,27.24,26.844999,27.201,26
2013-04-08,27.235001,27.235001,27.08,27.120001,33
2013-04-09,27.360001,27.934999,27.280001,27.865999,45
2013-04-10,27.73,27.73,27.514999,27.639,10
2013-04-11,27.684999,27.684999,27.684999,27.684999,23
2013-04-12,27.285,27.285,26.084999,26.322001,148
2013-04-15,24.5,24.639999,23.030001,23.355,120
2013-04-16,23.709999,23.754999,23.434999,23.622,51
2013-04-17,23.1,23.301001,23.1,23.301001,5
2013-04-18,22.6,23.5,22.6,23.239,4
2013-04-19,23.745001,23.77,22.955,22.955,22
2013-04-22,23.1,23.434999,23.094999,23.32,30
2013-04-23,23.200001,23.200001,22.790001,22.813,3
2013-04-24,22.965,22.99,22.829,22.829,4
2013-04-25,23.6,24.200001,23.6,24.139999,7
2013-04-26,24.094999,24.1,23.757999,23.757999,85932
2013-04-29,23.969999,24.549999,23.924999,24.122,19709
2013-04-30,24.504999,24.51,23.985001,24.143999,2035
2013-05-01,24.25,24.275,23.23,23.305,1646
2013-05-02,23.559999,24.0,23.355,23.790001,1083
2013-05-03,23.75,24.299999,23.605,23.975,242
2013-05-06,24.094999,24.375,23.844999,23.917999,284
2013-05-07,23.969999,23.969999,23.385,23.771,595
2013-05-08,23.83,23.915001,23.615,23.892,105
2013-05-09,24.025,24.055,23.6,23.879,290
2013-05-10,23.635,23.75,23.139999,23.632,470
2013-05-13,23.709999,23.719999,23.49,23.67,97
2013-05-14,23.219999,23.525,23.219999,23.355,63
2013-05-15,23.24,23.24,22.48,22.643,139
2013-05-16,22.68,22.709999,22.075001,22.643,251
2013-05-17,22.629999,22.629999,22.16,22.339001,99
2013-05-20,22.280001,22.799999,21.01,22.568001,125
2013-05-21,22.5,22.514999,22.34,22.441999,37
2013-05-22,22.344999,22.66,22.344999,22.458,53
2013-05-23,22.049999,22.493999,22.035,22.493999,42
2013-05-24,22.482,22.482,22.33,22.482,13
2013-05-28,22.594999,22.594999,22.18,22.18,45
2013-05-29,22.370001,22.445,22.370001,22.445,320
2013-05-30,22.334999,22.93,22.334999,22.674,364
2013-05-31,22.245001,22.280001,22.139999,22.228001,30
2013-06-03,22.334999,22.870001,22.305,22.715,90
2013-06-04,22.629999,22.629999,22.33,22.4,58
2013-06-05,22.455,22.665001,22.455,22.465,72
2013-06-06,22.33,22.701,22.33,22.701,12
2013-06-07,22.705,22.705,21.58,21.737,53
2013-06-10,21.629999,21.921,21.535,21.921,37
2013-06-11,21.58,21.709999,21.58,21.645,103
2013-06-12,21.76,21.815001,21.65,21.796,37
2013-06-13,21.805,21.805,21.52,21.582001,27
2013-06-14,22.059999,22.07,21.952999,21.952999,4
2013-06-17,21.870001,21.915001,21.757,21.757,7
2013-06-18,21.676001,21.676001,21.676001,21.676001,0
2013-06-19,21.625,21.625,21.610001,21.622,2
2013-06-20,21.17,21.18,19.59,19.822001,8
2013-06-21,19.780001,20.0,19.780001,19.958,42
2013-06-24,20.055,20.055,19.493,19.493,8
2013-06-25,19.66,19.66,19.525999,19.525999,9
2013-06-26,18.645,18.645,18.587,18.587,89816
2013-06-27,18.5,18.93,18.334999,18.533001,19460
2013-06-28,18.455,19.629999,18.184999,19.451,3748
2013-07-01,19.485001,20.059999,19.365,19.559999,557
2013-07-02,19.594999,19.754999,19.295,19.298,499
2013-07-03,19.41,19.85,19.365,19.688999,223
2013-07-05,19.709999,19.735001,18.684999,18.726,306
2013-07-08,18.92,19.084999,18.764999,19.025,301
2013-07-09,19.035,19.455,18.934999,19.125,224
2013-07-10,19.23,19.415001,19.014999,19.150999,165
2013-07-11,19.5,20.139999,19.475,19.943001,215
2013-07-12,20.075001,20.135,19.620001,19.778999,90
2013-07-15,20.1,20.1,19.67,19.826,148
2013-07-16,19.68,19.965,19.674999,19.923,15
2013-07-17,19.93,20.040001,19.24,19.409,258
2013-07-18,19.290001,19.43,19.25,19.375999,271
2013-07-19,19.385,19.465,19.295,19.448,104
2013-07-22,19.525,20.52,19.525,20.497999,176
2013-07-23,20.145,20.42,20.145,20.246,103
2013-07-24,20.379999,20.41,19.99,20.014,82
2013-07-25,19.83,20.146999,19.83,20.146999,56
2013-07-26,20.254999,20.290001,19.705,19.764999,64
2013-07-29,19.895,19.895,19.854,19.854,75
2013-07-30,19.799999,19.83,19.645,19.666,106
2013-07-31,19.870001,19.885,19.395,19.617001,20
2013-08-01,19.610001,19.615,19.610001,19.615,19
2013-08-02,19.903,19.903,19.903,19.903,12
2013-08-05,19.780001,19.780001,19.709999,19.711,17
2013-08-06,19.575001,19.575001,19.459999,19.514999,190
2013-08-07,19.497999,19.497999,19.497999,19.497999,25
2013-08-08,19.985001,20.219999,19.93,20.184,9
2013-08-09,20.399,20.399,20.399,20.399,26
2013-08-12,21.195,21.41,21.195,21.332001,16
2013-08-13,21.469999,21.66,21.336,21.336,8
2013-08-14,21.625,21.790001,21.59,21.781,11
2013-08-15,21.889999,23.165001,21.73,22.929001,75
2013-08-16,22.959999,23.316999,22.85,23.316999,7
2013-08-19,23.160999,23.160999,23.160999,23.160999,0
2013-08-20,23.066,23.066,23.066,23.066,1
2013-08-21,23.08,23.305,22.958,22.958,13
2013-08-22,22.860001,23.035,22.860001,23.030001,2
2013-08-23,23.5,23.754999,23.5,23.733,21
2013-08-26,24.15,24.15,23.950001,24.007999,8
2013-08-27,24.649,24.649,24.649,24.649,1
2013-08-28,24.985001,24.985001,24.389,24.389,85956
2013-08-29,24.33,24.415001,23.66,24.09,19701
2013-08-30,23.775,24.014999,23.385,23.462999,0
2013-09-03,23.200001,24.459999,23.1,24.382,1125
2013-09-04,24.305,24.375,23.35,23.368999,864
2013-09-05,23.459999,23.6,22.995001,23.205999,553
2013-09-06,23.174999,23.860001,23.165001,23.841999,325
2013-09-09,24.0,24.0,23.469999,23.667999,308
2013-09-10,23.700001,23.700001,22.799999,22.966,239
2013-09-11,22.77,23.17,22.754999,23.121,182
2013-09-12,23.125,23.139999,21.870001,22.099001,137
2013-09-13,22.094999,22.17,21.465,21.67,62
2013-09-16,22.235001,22.25,21.700001,21.962999,137
2013-09-17,22.004999,22.004999,21.709999,21.735001,141
2013-09-18,21.645,22.950001,21.209999,21.514,144
2013-09-19,22.84,23.275,22.84,23.242001,150
2013-09-20,22.709999,22.709999,21.77,21.875999,37
2013-09-23,21.825001,21.870001,21.355,21.805,144
2013-09-24,21.825001,21.825001,21.539,21.539,79
2013-09-25,21.59,21.875,21.545,21.837999,41
2013-09-26,21.719999,21.719999,21.719999,21.719999,60
2013-09-27,21.594999,21.825001,21.469999,21.783001,149
2013-09-30,21.700001,21.795,21.645,21.656,123
2013-10-01,21.665001,21.684999,20.795,21.124001,67
2013-10-02,21.145,21.85,21.09,21.846001,71
2013-10-03,21.690001,21.739,21.43,21.739,33
2013-10-04,21.65,21.799999,21.65,21.705,63
2013-10-07,21.709999,22.339001,21.709999,22.339001,14
2013-10-08,22.23,22.396999,22.23,22.396999,13
2013-10-09,21.844999,21.9,21.844999,21.846001,5
2013-10-10,21.950001,21.950001,21.82,21.85,33
2013-10-11,21.5,21.549999,21.195,21.215,24
2013-10-14,21.5,21.549999,21.309999,21.309999,20
2013-10-15,20.719999,21.18,20.674999,21.146,14
2013-10-16,21.32,21.32,21.32,21.32,0
2013-10-17,21.879999,21.903,21.879999,21.903,3
2013-10-18,21.868999,21.868999,21.868999,21.868999,0
2013-10-21,22.219999,22.233,22.184999,22.233,6
2013-10-22,22.549999,22.754,22.475,22.754,8
2013-10-23,22.545,22.582001,22.545,22.582001,9
2013-10-24,22.66,22.815001,22.66,22.785999,19
2013-10-25,22.4,22.603001,22.4,22.603001,10
2013-10-28,22.535,22.535,22.455,22.497999,16
2013-10-29,22.33,22.452,22.33,22.452,23
2013-10-30,22.48,23.0,22.48,22.945999,31
2013-10-31,22.32,22.334999,21.832001,21.832001,24
2013-11-01,21.870001,21.879999,21.795,21.804001,23
2013-11-04,21.639999,21.785,21.6,21.677999,13
2013-11-05,21.614,21.67,21.614,21.614,2
2013-11-06,21.746,21.780001,21.746,21.746,19
2013-11-07,21.764999,21.764999,21.379999,21.639,33
2013-11-08,21.32,21.370001,21.306999,21.306999,16
2013-11-11,21.271999,21.271999,21.271999,21.271999,2
2013-11-12,20.768,20.768,20.65,20.768,2
2013-11-13,20.65,20.65,20.431999,20.431999,9
2013-11-14,20.712,20.76,20.712,20.712,11
2013-11-15,20.716999,20.716999,20.716999,20.716999,1
2013-11-18,20.4,20.4,20.349001,20.349001,3
2013-11-19,20.280001,20.326,20.254999,20.326,5
2013-11-20,20.049999,20.135,20.049999,20.049999,12
2013-11-21,19.927999,19.927999,19.927999,19.927999,0
2013-11-22,19.856001,19.856001,19.856001,19.856001,0
2013-11-25,19.879999,19.879999,19.879999,19.879999,2
2013-11-26,19.93,19.93,19.846001,19.846001,53262
2013-11-27,19.815001,20.08,19.584999,19.632999,25508
2013-11-29,19.66,20.049999,19.6,19.981001,3182
2013-12-02,19.91,19.91,19.059999,19.233,1583
2013-12-03,19.15,19.254999,18.98,19.011,582
2013-12-04,19.040001,19.805,19.040001,19.774,585
2013-12-05,19.605,19.610001,19.235001,19.514,399
2013-12-06,19.379999,19.59,19.15,19.465,459
2013-12-09,19.465,19.889999,19.459999,19.643999,92
2013-12-10,19.754999,20.315001,19.719999,20.256001,253
2013-12-11,20.245001,20.4,20.23,20.298,123
2013-12-12,20.27,20.27,19.402,19.402,83
2013-12-13,19.459999,19.629999,19.415001,19.559,139
2013-12-16,19.5,20.200001,19.455,20.049,40
2013-12-17,19.84,19.84,19.792,19.792,84
2013-12-18,19.9,20.174999,19.74,20.014,50
2013-12-19,19.799999,19.83,19.143,19.143,49
2013-12-20,19.1,19.417999,19.1,19.417999,36
2013-12-23,19.43,19.440001,19.378,19.378,18
2013-12-24,19.35,19.452999,19.35,19.452999,39
2013-12-26,19.82,19.93,19.82,19.885,67
2013-12-27,19.995001,20.013,19.955,20.013,133
2013-12-30,19.834999,19.834999,19.580999,19.580999,76
2013-12-31,18.950001,19.339001,18.934999,19.339001,159
2014-01-02,20.309999,20.32,20.02,20.098,45
2014-01-03,20.09,20.181999,20.09,20.181999,22
2014-01-06,20.24,20.24,20.077,20.077,17
2014-01-07,20.25,20.25,19.67,19.764999,27
2014-01-08,19.719999,19.735001,19.370001,19.518,33
2014-01-09,19.445,19.663,19.440001,19.663,8
2014-01-10,20.201,20.201,20.075001,20.201,6
2014-01-13,20.299999,20.405001,20.299999,20.361,41
2014-01-14,20.309999,20.530001,20.200001,20.250999,22
2014-01-15,20.195,20.195,20.01,20.103001,27
2014-01-16,20.125,20.139999,20.025,20.025,39
2014-01-17,20.09,20.285,20.09,20.267,475
2014-01-21,20.299999,20.309999,19.83,19.837999,81
2014-01-22,19.809,19.809,19.809,19.809,103
2014-01-23,19.92,20.08,19.92,19.986,28
2014-01-24,20.16,20.16,19.743,19.743,2
2014-01-27,19.799999,19.799999,19.555,19.771,13
2014-01-28,19.754999,19.754999,19.483,19.483,2
2014-01-29,19.533001,19.533001,19.533001,19.533001,9
2014-01-30,19.67,19.67,19.059999,19.111,92
2014-01-31,19.325001,19.325001,19.105,19.105,154
2014-02-03,19.129999,19.514999,19.09,19.389,435
2014-02-04,19.402,19.402,19.402,19.402,0
2014-02-05,19.745001,20.045,19.745001,19.785,4
2014-02-06,19.908001,19.908001,19.908001,19.908001,0
2014-02-07,19.92,19.92,19.92,19.92,0
2014-02-10,20.099001,20.099001,20.099001,20.099001,0
2014-02-11,20.17,20.17,20.143,20.143,2
2014-02-12,20.25,20.330999,20.25,20.330999,2
2014-02-13,20.385,20.385,20.385,20.385,0
2014-02-14,20.52,21.424999,20.52,21.410999,14
2014-02-18,21.825001,21.895,21.815001,21.891001,12
2014-02-19,21.844,21.844,21.700001,21.844,129
2014-02-20,21.677999,21.677999,21.677999,21.677999,0
2014-02-21,21.777,21.777,21.777,21.777,0
2014-02-24,22.047001,22.047001,22.047001,22.047001,0
2014-02-25,21.959999,21.959999,21.959999,21.959999,0
2014-02-26,21.254,21.254,21.254,21.254,73725
2014-02-27,21.245001,21.48,20.985001,21.313999,15921
2014-02-28,21.25,21.389999,21.07,21.204,1525
2014-03-03,21.35,21.68,21.32,21.448,402
2014-03-04,21.49,21.49,21.01,21.188,933
2014-03-05,21.200001,21.290001,21.165001,21.239,146
2014-03-06,21.225,21.594999,21.184999,21.542,245
2014-03-07,21.475,21.540001,20.76,20.896999,216
2014-03-10,20.799999,20.885,20.6,20.879,110
2014-03-11,21.0,21.26,20.784,20.784,76
2014-03-12,21.115,21.327999,20.945,21.327999,102
2014-03-13,21.184999,21.184999,21.15,21.169001,68
2014-03-14,21.219999,21.709999,21.16,21.384001,79
2014-03-17,21.370001,21.389999,21.249001,21.249001,99
2014-03-18,21.07,21.07,20.655001,20.836,9
2014-03-19,20.775,20.799999,20.5,20.799999,79
2014-03-20,20.48,20.48,20.25,20.403999,64
2014-03-21,20.455,20.5,20.285999,20.285999,50
2014-03-24,20.16,20.16,19.91,20.042999,165
2014-03-25,20.120001,20.120001,19.955,19.955,37
2014-03-26,20.0,20.0,19.759001,19.759001,113
2014-03-27,19.690001,19.690001,19.690001,19.690001,83
2014-03-28,19.790001,19.879999,19.629999,19.771999,111
2014-03-31,19.733999,19.733999,19.733999,19.733999,6
2014-04-01,19.669001,19.669001,19.669001,19.669001,210
2014-04-02,20.031,20.031,20.031,20.031,0
2014-04-03,19.785999,19.785999,19.785999,19.785999,0
2014-04-04,19.940001,19.940001,19.927,19.927,15
2014-04-07,19.945,19.959999,19.891001,19.891001,5
2014-04-08,20.15,20.15,20.042,20.042,7
2014-04-09,20.049999,20.049999,19.74,19.754999,34
2014-04-10,20.215,20.215,20.077999,20.077999,38
2014-04-11,20.01,20.01,19.933001,19.933001,3
2014-04-14,19.999001,19.999001,19.955,19.999001,5
2014-04-15,19.48,19.48,19.475,19.478001,11
2014-04-16,19.622999,19.622999,19.6,19.622999,2
2014-04-17,19.586,19.586,19.586,19.586,5
2014-04-21,19.341,19.341,19.341,19.341,1
2014-04-22,19.351,19.395,19.351,19.351,1
2014-04-23,19.43,19.43,19.43,19.43,152
2014-04-24,19.1,19.681999,19.1,19.681999,23
2014-04-25,19.695,19.76,19.684999,19.684999,29
2014-04-28,19.582001,19.584999,19.582001,19.584999,42029
2014-04-29,19.559999,19.59,19.305,19.488001,16950
2014-04-30,19.434999,19.450001,19.025,19.118999,3110
2014-05-01,19.17,19.17,18.75,18.989,849
2014-05-02,19.0,19.6,18.865,19.492001,350
2014-05-05,19.475,19.66,19.475,19.52,178
2014-05-06,19.49,19.605,19.475,19.598,127
2014-05-07,19.645,19.719999,19.280001,19.298,166
2014-05-08,19.290001,19.315001,19.094,19.094,195
2014-05-09,19.200001,19.200001,19.02,19.077,62
2014-05-12,19.1,19.58,19.1,19.5,295
2014-05-13,19.395,19.525,19.395,19.504,67
2014-05-14,19.690001,19.915001,19.690001,19.735001,198
2014-05-15,19.514999,19.514999,19.445,19.447001,110
2014-05-16,19.455,19.455,19.292,19.292,79
2014-05-19,19.555,19.555,19.322001,19.322001,283
2014-05-20,19.280001,19.42,19.27,19.367001,17
2014-05-21,19.295,19.306999,19.295,19.306999,4
2014-05-22,19.700001,19.745001,19.49,19.49,21
2014-05-23,19.370001,19.388,19.370001,19.388,11
2014-05-27,19.35,19.35,19.039,19.039,55
2014-05-28,19.035,19.035,19.035,19.035,71
2014-05-29,18.940001,19.004999,18.844999,18.983,196
2014-05-30,18.950001,18.959999,18.605,18.653,40
2014-06-02,18.75,18.809999,18.674999,18.709,33
2014-06-03,18.790001,18.809999,18.732,18.732,18
2014-06-04,18.766001,18.766001,18.766001,18.766001,0
2014-06-05,18.9,19.055,18.9,19.055,31
2014-06-06,18.955,18.962999,18.955,18.962999,1
2014-06-09,19.045,19.049999,19.045,19.045,3
2014-06-10,19.146999,19.146999,19.146999,19.146999,0
2014-06-11,19.153999,19.153999,19.153999,19.153999,0
2014-06-12,19.514999,19.514999,19.514999,19.514999,0
2014-06-13,19.535,19.636999,19.535,19.636999,2
2014-06-16,19.754999,19.795,19.67,19.702,14
2014-06-17,19.721001,19.721001,19.721001,19.721001,0
2014-06-18,19.75,19.85,19.75,19.767,5
2014-06-19,20.02,20.636999,20.02,20.636999,4
2014-06-20,20.950001,20.950001,20.860001,20.941999,2
2014-06-23,20.909,20.909,20.909,20.909,0
2014-06-24,21.038,21.038,21.038,21.038,0
2014-06-25,21.111,21.111,21.111,21.111,0
2014-06-26,21.103001,21.103001,21.103001,21.103001,56351
2014-06-27,21.105,21.205,20.9,21.077,17332
2014-06-30,20.959999,21.115,20.764999,21.007,2611
2014-07-01,21.01,21.209999,21.01,21.066999,168
2014-07-02,21.045,21.254,20.98,21.254,231
2014-07-03,21.155001,21.155001,20.780001,21.089001,498
2014-07-07,21.09,21.09,20.82,20.966,87
2014-07-08,21.059999,21.15,20.934999,20.966999,208
2014-07-09,21.125,21.200001,21.021999,21.021999,63
2014-07-10,21.094999,21.525,21.094999,21.459,136
2014-07-11,21.475,21.5,21.410999,21.410999,61
2014-07-14,21.205,21.205,20.864,20.864,76
2014-07-15,20.905001,20.945,20.674999,20.841999,82
2014-07-16,20.76,20.790001,20.726999,20.726999,66
2014-07-17,20.825001,21.16,20.795,21.086,40
2014-07-18,20.955,20.955,20.75,20.837999,3
2014-07-21,21.0,21.07,20.905001,20.966,20
2014-07-22,20.75,20.99,20.75,20.965,20
2014-07-23,20.959999,21.014999,20.940001,20.952,127
2014-07-24,20.805,20.83,20.375999,20.375999,82
2014-07-25,20.434999,20.75,20.434999,20.587999,52
2014-07-28,20.635,20.67,20.525999,20.525999,155
2014-07-29,20.68,20.695,20.546,20.546,117
2014-07-30,20.549999,20.558001,20.549999,20.558001,113
2014-07-31,20.584999,20.584999,20.372999,20.372999,17
2014-08-01,20.332001,20.332001,20.295,20.332001,30
2014-08-04,20.35,20.360001,20.165001,20.194,31
2014-08-05,19.794001,19.794001,19.794001,19.794001,1
2014-08-06,19.985001,20.025,19.985001,19.985001,2
2014-08-07,19.951,19.951,19.951,19.951,3
2014-08-08,19.934999,19.934999,19.902,19.902,2
2014-08-11,20.059999,20.059999,20.059999,20.059999,0
2014-08-12,19.870001,19.870001,19.870001,19.870001,0
2014-08-13,19.809999,19.809999,19.809999,19.809999,0
2014-08-14,19.871,19.871,19.870001,19.871,11
2014-08-15,19.49,19.535,19.49,19.49,11
2014-08-18,19.555,19.6,19.555,19.6,1
2014-08-19,19.434999,19.434999,19.386999,19.386999,9
2014-08-20,19.434999,19.472,19.434999,19.472,3
2014-08-21,19.285,19.41,19.285,19.389999,6
2014-08-22,19.361,19.361,19.361,19.361,0
2014-08-25,19.360001,19.360001,19.337999,19.337999,3
2014-08-26,19.5,19.5,19.370001,19.370001,1
2014-08-27,19.41,19.41,19.395,19.395,41245
2014-08-28,19.424999,19.875,19.415001,19.534,18998
2014-08-29,19.459999,19.57,19.395,19.398001,3301
2014-09-02,19.405001,19.469999,19.040001,19.070999,327
2014-09-03,19.139999,19.174999,19.1,19.108,130
2014-09-04,19.145,19.295,18.985001,19.063999,120
2014-09-05,19.035,19.129999,18.99,19.082001,131
2014-09-08,19.205,19.235001,18.879999,18.886999,80
2014-09-09,18.91,18.975,18.844,18.844,157
2014-09-10,18.98,19.040001,18.851,18.856001,99
2014-09-11,18.885,18.9,18.533001,18.533001,96
2014-09-12,18.620001,18.65,18.465,18.546,121
2014-09-15,18.615,18.635,18.5,18.556,51
2014-09-16,18.594999,18.690001,18.59,18.656,414
2014-09-17,18.6,18.684999,18.469999,18.663,45
2014-09-18,18.475,18.525,18.32,18.452,36
2014-09-19,18.295,18.295,17.781,17.781,84
2014-09-22,17.700001,17.715,17.52,17.698999,197
2014-09-23,17.735001,17.735001,17.674999,17.712999,103
2014-09-24,17.59,17.643,17.57,17.643,35
2014-09-25,17.504999,17.540001,17.355,17.379,94
2014-09-26,17.476999,17.476999,17.476999,17.476999,72
2014-09-29,17.504999,17.530001,17.41,17.516001,232
2014-09-30,17.42,17.455,16.870001,17.006001,53
2014-10-01,16.950001,17.219999,16.950001,17.209999,13
2014-10-02,17.184999,17.184999,17.0,17.000999,7
2014-10-03,17.1,17.1,16.780001,16.780001,180
2014-10-06,17.030001,17.18,17.030001,17.18,17
2014-10-07,17.1,17.191,17.075001,17.191,161
2014-10-08,17.360001,17.360001,17.014999,17.014999,75
2014-10-09,17.6,17.6,17.367001,17.367001,16
2014-10-10,17.299999,17.299999,17.252001,17.252001,17
2014-10-13,17.41,17.41,17.294001,17.294001,12
2014-10-14,17.5,17.5,17.353001,17.353001,10
2014-10-15,17.01,17.700001,17.01,17.415001,42
2014-10-16,17.43,17.43,17.388,17.388,2
2014-10-17,17.282,17.282,17.282,17.282,0
2014-10-20,17.459999,17.459999,17.304001,17.304001,9
2014-10-21,17.5,17.504,17.5,17.504,6
2014-10-22,17.469999,17.469999,17.115,17.186001,18
2014-10-23,17.174999,17.174999,17.114,17.114,12
2014-10-24,17.136,17.136,17.136,17.136,0
2014-10-27,17.115,17.115,17.115,17.115,0
2014-10-28,17.184999,17.184999,17.184999,17.184999,0
2014-10-29,17.219,17.219,17.219,17.219,431
2014-10-30,16.35,16.391001,16.34,16.391001,485
2014-10-31,16.129999,16.129999,15.86,16.077,15
2014-11-03,16.035,16.174999,16.035,16.174999,51
2014-11-04,15.925,15.93,15.925,15.927,17
2014-11-05,15.465,15.465,15.215,15.418,32
2014-11-06,15.392,15.392,15.392,15.392,3
2014-11-07,15.045,15.699,15.045,15.699,26
2014-11-10,15.657,15.657,15.657,15.657,59
2014-11-11,15.664,15.664,15.664,15.664,0
2014-11-12,15.72,15.72,15.619,15.619,42
2014-11-13,15.617,15.617,15.617,15.617,10
2014-11-14,15.595,16.309999,15.595,16.309999,5
2014-11-17,16.052999,16.052999,16.052999,16.052999,0
2014-11-18,16.17,16.17,16.17,16.17,0
2014-11-19,16.290001,16.290001,16.290001,16.290001,0
2014-11-20,16.132999,16.132999,16.132999,16.132999,0
2014-11-21,16.391001,16.391001,16.391001,16.391001,0
2014-11-24,16.43,16.475,16.377001,16.377001,96
2014-11-25,16.554001,16.554001,16.554001,16.554001,71173
2014-11-26,16.645,16.65,16.440001,16.548,23490
2014-11-28,16.495001,16.51,15.365,15.489,5086
2014-12-01,15.39,16.68,14.1,16.648001,1954
2014-12-02,16.440001,16.475,16.07,16.408001,508
2014-12-03,16.434999,16.530001,16.299999,16.358999,90
2014-12-04,16.355,16.58,16.334999,16.52,83
2014-12-05,16.415001,16.48,16.174999,16.195999,241
2014-12-08,16.129999,16.26,16.129999,16.216,223
2014-12-09,16.280001,17.129999,16.280001,17.080999,183
2014-12-10,17.025,17.139999,17.01,17.132999,60
2014-12-11,17.105,17.18,17.059,17.059,28
2014-12-12,17.07,17.110001,17.014999,17.018999,488
2014-12-15,16.809999,16.85,16.527,16.527,37
2014-12-16,16.135,16.16,15.715,15.715,75
2014-12-17,15.83,15.891,15.83,15.891,27
2014-12-18,15.894,15.894,15.894,15.894,3
2014-12-19,15.991,15.991,15.991,15.991,2
2014-12-22,16.08,16.105,15.649,15.649,68
2014-12-23,15.58,15.75,15.58,15.73,12
2014-12-24,15.68,15.68,15.673,15.673,1
2014-12-26,15.94,16.115,15.94,16.112,4
2014-12-29,15.95,15.95,15.744,15.744,277
2014-12-30,15.845,16.355,15.805,16.24,77
2014-12-31,16.245001,16.245001,15.565,15.565,24
2015-01-02,15.79,15.815,15.535,15.734,13
2015-01-05,16.179001,16.179001,16.179001,16.179001,0
2015-01-06,16.603001,16.603001,16.603001,16.603001,2
2015-01-07,16.48,16.549999,16.48,16.51,9
2015-01-08,16.351,16.351,16.351,16.351,0
2015-01-09,16.386,16.386,16.386,16.386,0
2015-01-12,16.535,16.535,16.535,16.535,0
2015-01-13,17.0,17.125,17.0,17.125,484
2015-01-14,16.9,16.955999,16.9,16.955999,13
2015-01-15,17.174999,17.200001,17.030001,17.073,78
2015-01-16,17.059999,17.77,16.905001,17.739,114
2015-01-20,17.955,18.0,17.947001,17.947001,24
2015-01-21,17.959999,18.26,17.959999,18.179001,21
2015-01-22,18.346001,18.346001,18.346001,18.346001,0
2015-01-23,18.315001,18.355,18.284,18.284,20
2015-01-26,17.966999,17.966999,17.966999,17.966999,0
2015-01-27,18.110001,18.110001,18.068001,18.068001,10
2015-01-28,18.068001,18.068001,18.068001,18.068001,166
2015-01-29,17.42,17.475,16.757999,16.757999,30
2015-01-30,16.809999,17.191999,16.809999,17.191999,21
2015-02-02,17.235001,17.235001,17.235001,17.235001,4
2015-02-03,17.32,17.52,17.305,17.305,24
2015-02-04,17.4,17.6,17.379,17.379,43
2015-02-05,17.18,17.285,17.18,17.18,11
2015-02-06,16.677999,16.677999,16.677999,16.677999,0
2015-02-09,17.054001,17.054001,17.054001,17.054001,2
2015-02-10,16.857,16.857,16.857,16.857,0
2015-02-11,16.745001,16.745001,16.745001,16.745001,3
2015-02-12,16.84,16.879999,16.778,16.778,17
2015-02-13,16.91,17.278,16.91,17.278,20
2015-02-17,16.362,16.362,16.362,16.362,0
2015-02-18,16.25,16.25,16.25,16.25,0
2015-02-19,16.405001,16.405001,16.334999,16.371,10
2015-02-20,16.43,16.43,16.263,16.263,6
2015-02-23,16.247,16.325001,16.247,16.247,20
2015-02-24,16.181999,16.181999,16.181999,16.181999,0
2015-02-25,16.424,16.424,16.424,16.424,49194
2015-02-26,16.5,16.860001,16.49,16.583,17624
2015-02-27,16.57,16.65,16.395,16.513,1696
2015-03-02,16.584999,16.73,16.315001,16.407,269
2015-03-03,16.395,16.504999,16.09,16.257999,293
2015-03-04,16.26,16.299999,16.075001,16.132,232
2015-03-05,16.254999,16.285,16.132,16.132,56
2015-03-06,16.17,16.17,15.745,15.784,112
2015-03-09,15.8,15.91,15.69,15.755,70
2015-03-10,15.69,15.745,15.613,15.613,109
2015-03-11,15.64,15.64,15.27,15.345,160
2015-03-12,15.56,15.565,15.465,15.493,94
2015-03-13,15.61,15.62,15.475,15.477,59
2015-03-16,15.69,15.715,15.5,15.601,71
2015-03-17,15.49,15.635,15.49,15.562,39
2015-03-18,15.475,15.9,15.475,15.525,19
2015-03-19,15.905,16.1,15.86,16.098,8
2015-03-20,16.254999,16.867001,16.254999,16.867001,93
2015-03-23,16.700001,16.975,16.67,16.872,149
2015-03-24,16.98,17.0,16.860001,16.962999,295
2015-03-25,16.950001,17.045,16.950001,16.98,146
2015-03-26,17.315001,17.325001,17.055,17.122,97
2015-03-27,17.01,17.052,17.01,17.052,180
2015-03-30,16.754999,16.754999,16.655001,16.657,8
2015-03-31,16.65,16.65,16.580999,16.580999,24
2015-04-01,16.620001,17.044001,16.620001,17.044001,50
2015-04-02,16.686001,16.686001,16.686001,16.686001,0
2015-04-06,17.035,17.094999,17.035,17.094999,17
2015-04-07,16.825001,16.825001,16.825001,16.825001,200
2015-04-08,16.440001,16.440001,16.440001,16.440001,0
2015-04-09,16.164,16.164,16.164,16.164,99
2015-04-10,16.370001,16.4,16.370001,16.370001,5
2015-04-13,16.280001,16.280001,16.280001,16.280001,0
2015-04-14,16.150999,16.150999,16.150999,16.150999,23
2015-04-15,16.268999,16.268999,16.268999,16.268999,0
2015-04-16,16.15,16.285,16.15,16.275999,12
2015-04-17,16.221001,16.221001,16.221001,16.221001,0
2015-04-20,15.883,15.883,15.883,15.883,0
2015-04-21,15.92,16.002001,15.92,16.002001,1
2015-04-22,15.791,15.791,15.791,15.791,0
2015-04-23,15.824,15.824,15.824,15.824,0
2015-04-24,15.631,15.631,15.631,15.631,0
2015-04-27,15.935,16.389999,15.935,16.389999,70
2015-04-28,16.587,16.587,16.587,16.587,60635
2015-04-29,16.57,16.684999,16.385,16.67,16432
2015-04-30,16.545,16.700001,15.815,16.124001,2479
2015-05-01,16.09,16.190001,15.905,16.111,733
2015-05-04,16.15,16.695,16.15,16.417999,71
2015-05-05,16.389999,16.57,16.35,16.556999,47
2015-05-06,16.52,16.545,16.379999,16.483999,98
2015-05-07,16.33,16.33,16.23,16.271999,101
2015-05-08,16.370001,16.455,16.32,16.441999,67
2015-05-11,16.475,16.475,16.215,16.298,242
2015-05-12,16.465,16.540001,16.305,16.51,28
2015-05-13,16.525,17.207001,16.525,17.207001,137
2015-05-14,17.125,17.448999,17.125,17.448999,15
2015-05-15,17.485001,17.545,17.334999,17.545,44
2015-05-18,17.620001,17.712,17.594999,17.712,215
2015-05-19,17.465,17.465,16.905001,17.049999,24
2015-05-20,17.091999,17.1,17.091999,17.091999,8
2015-05-21,17.065001,17.184999,17.065001,17.111,11
2015-05-22,17.030001,17.09,17.030001,17.030001,15
2015-05-26,16.995001,17.08,16.733999,16.733999,114
2015-05-27,16.65,16.695,16.638,16.638,94
2015-05-28,16.665001,16.75,16.555,16.653,73
2015-05-29,16.684999,16.690001,16.67,16.684,24
2015-06-01,16.635,17.1,16.615,16.664,24
2015-06-02,16.783001,16.783001,16.783001,16.783001,0
2015-06-03,16.375,16.464001,16.370001,16.464001,2
2015-06-04,16.115,16.135,16.089001,16.089001,11
2015-06-05,15.98,16.059999,15.94,15.971,14
2015-06-08,16.035,16.059999,15.9,15.951,16
2015-06-09,15.97,15.97,15.949,15.949,1
2015-06-10,15.952,15.952,15.952,15.952,0
2015-06-11,15.945,15.953,15.945,15.953,5
2015-06-12,15.995,15.995,15.818,15.818,5
2015-06-15,16.200001,16.200001,16.076,16.076,2
2015-06-16,15.958,15.958,15.958,15.958,0
2015-06-17,15.94,15.94,15.94,15.94,2
2015-06-18,16.148001,16.148001,16.148001,16.148001,46
2015-06-19,16.104,16.104,16.104,16.104,0
2015-06-22,16.1,16.136999,16.1,16.136999,1
2015-06-23,15.79,15.825,15.732,15.732,4
2015-06-24,15.84,15.855,15.84,15.848,21
2015-06-25,15.805,15.805,15.805,15.805,1
2015-06-26,15.725,15.735,15.725,15.735,56759
2015-06-29,15.935,15.995,15.635,15.664,19508
2015-06-30,15.725,15.77,15.42,15.551,1989
2015-07-01,15.635,15.64,15.49,15.552,220
2015-07-02,15.47,15.695,15.445,15.537,257
2015-07-06,15.655,15.726,15.485,15.726,87
2015-07-07,15.595,15.595,14.805,14.95,1041
2015-07-08,15.045,15.147,14.74,15.147,109
2015-07-09,15.14,15.44,15.14,15.345,366
2015-07-10,15.33,15.585,15.33,15.468,51
2015-07-13,15.495,15.495,15.3,15.436,152
2015-07-14,15.36,15.38,15.295,15.295,27
2015-07-15,15.045,15.045,14.99,15.028,86
2015-07-16,14.99,14.99,14.964,14.964,12
2015-07-17,14.935,14.935,14.82,14.82,62
2015-07-20,14.715,14.905,14.485,14.745,46
2015-07-21,14.615,14.835,14.615,14.769,102
2015-07-22,14.714,14.714,14.714,14.714,10
2015-07-23,14.683,14.683,14.635,14.683,172
2015-07-24,14.595,14.63,14.33,14.477,29
2015-07-27,14.61,14.65,14.56,14.594,18
2015-07-28,14.64,14.64,14.631,14.631,168
2015-07-29,14.64,14.734,14.64,14.734,206
2015-07-30,14.75,14.785,14.63,14.691,39
2015-07-31,14.855,14.865,14.746,14.746,101
2015-08-03,14.73,14.73,14.415,14.516,131
2015-08-04,14.605,14.605,14.55,14.55,119
2015-08-05,14.546,14.546,14.546,14.546,1
2015-08-06,14.67,14.67,14.67,14.67,0
2015-08-07,14.816,14.816,14.816,14.816,16
2015-08-10,14.89,15.335,14.89,15.289,6
2015-08-11,15.22,15.281,15.22,15.281,15
2015-08-12,15.48,15.51,15.473,15.473,4
2015-08-13,15.396,15.396,15.396,15.396,0
2015-08-14,15.21,15.21,15.175,15.21,1
2015-08-17,15.295,15.295,15.295,15.295,0
2015-08-18,14.787,14.787,14.787,14.787,0
2015-08-19,15.176,15.176,15.176,15.176,0
2015-08-20,15.465,15.517,15.465,15.517,252
2015-08-21,15.301,15.301,15.301,15.301,0
2015-08-24,14.762,14.762,14.762,14.762,9
2015-08-25,14.61,14.655,14.61,14.61,13
2015-08-26,14.665,14.7,14.045,14.045,35
2015-08-27,14.185,14.421,14.13,14.421,59871
2015-08-28,14.47,14.65,14.34,14.535,13209
2015-08-31,14.51,14.635,14.39,14.577,1441
2015-09-01,14.62,14.715,14.515,14.613,779
2015-09-02,14.535,14.81,14.445,14.661,382
2015-09-03,14.74,14.925,14.555,14.702,123
2015-09-04,14.67,14.81,14.5,14.544,120
2015-09-08,14.63,14.855,14.44,14.75,233
2015-09-09,14.79,14.865,14.565,14.568,85
2015-09-10,14.575,14.815,14.565,14.634,155
2015-09-11,14.7,14.705,14.28,14.49,47
2015-09-14,14.51,14.535,14.355,14.357,33
2015-09-15,14.375,14.375,14.265,14.319,24
2015-09-16,14.51,14.9,14.51,14.878,25
2015-09-17,14.905,15.205,14.85,14.975,28
2015-09-18,15.265,15.265,15.154,15.154,3
2015-09-21,15.15,15.235,15.15,15.216,57
2015-09-22,14.77,14.79,14.75,14.75,37
2015-09-23,14.74,14.84,14.74,14.78,12
2015-09-24,14.745,15.125,14.745,15.125,189
2015-09-25,15.065,15.12,15.03,15.106,21
2015-09-28,14.615,14.62,14.538,14.538,37
2015-09-29,14.63,14.64,14.569,14.569,19
2015-09-30,14.513,14.513,14.48,14.513,10
2015-10-01,14.515,14.515,14.465,14.506,15
2015-10-02,14.41,15.257,14.41,15.257,3
2015-10-05,15.14,15.702,15.14,15.702,8
2015-10-06,15.59,15.985,15.59,15.979,37
2015-10-07,15.85,16.087999,15.85,16.087999,10
2015-10-08,15.61,15.76,15.61,15.76,7
2015-10-09,15.809,15.815,15.809,15.809,1
2015-10-12,15.855,15.855,15.855,15.855,5
2015-10-13,15.71,15.897,15.7,15.897,15
2015-10-14,16.01,16.105,15.98,16.101999,18
2015-10-15,16.135,16.152,16.0,16.152,16
2015-10-16,16.101999,16.101999,16.101999,16.101999,12
2015-10-19,15.82,15.829,15.82,15.829,1
2015-10-20,15.905,15.905,15.89,15.905,6
2015-10-21,15.696,15.696,15.696,15.696,10
2015-10-22,15.823,15.823,15.823,15.823,0
2015-10-23,15.818,15.86,15.818,15.818,5
2015-10-26,15.9,15.9,15.9,15.9,1
2015-10-27,15.83,15.858,15.83,15.858,7
2015-10-28,16.059999,16.288,16.059999,16.288,45
2015-10-29,15.875,15.975,15.544,15.544,31
2015-10-30,15.575,15.575,15.53,15.566,19
2015-11-02,15.413,15.413,15.413,15.413,4
2015-11-03,15.385,15.385,15.244,15.244,1
2015-11-04,15.2,15.2,15.063,15.063,1
2015-11-05,14.988,14.988,14.988,14.988,0
2015-11-06,15.035,15.045,14.696,14.696,14
2015-11-09,14.418,14.418,14.418,14.418,0
2015-11-10,14.356,14.356,14.356,14.356,3
2015-11-11,14.31,14.31,14.262,14.262,10
2015-11-12,14.45,14.45,14.224,14.224,16
2015-11-13,14.203,14.203,14.203,14.203,0
2015-11-16,14.45,14.455,14.185,14.221,4
2015-11-17,14.135,14.17,14.135,14.17,2
2015-11-18,14.02,14.1,14.02,14.08,14
2015-11-19,14.242,14.242,14.242,14.242,33
2015-11-20,14.106,14.106,14.106,14.106,1
2015-11-23,14.042,14.145,14.042,14.042,3
2015-11-24,14.275,14.28,14.169,14.169,5
2015-11-25,14.168,14.168,14.168,14.168,54195
2015-11-27,14.16,14.35,13.905,14.008,17231
2015-11-30,14.02,14.155,13.955,14.05,1623
2015-12-01,14.04,14.215,14.04,14.055,281
2015-12-02,14.125,14.14,13.89,13.979,210
2015-12-03,13.855,14.095,13.77,14.053,498
2015-12-04,14.05,14.555,14.05,14.505,92
2015-12-07,14.48,14.605,14.307,14.307,60
2015-12-08,14.195,14.25,14.091,14.091,72
2015-12-09,14.14,14.265,14.11,14.164,37
2015-12-10,14.11,14.115,14.08,14.085,6
2015-12-11,14.025,14.025,13.859,13.859,20
2015-12-14,13.875,13.925,13.666,13.666,90
2015-12-15,13.635,13.74,13.635,13.74,2
2015-12-16,13.76,14.235,13.76,14.218,22
2015-12-17,13.885,13.885,13.683,13.683,150
2015-12-18,13.82,14.16,13.82,14.08,20
2015-12-21,14.105,14.301,14.105,14.301,19
2015-12-22,14.225,14.38,14.225,14.302,35
2015-12-23,14.3,14.3,14.24,14.277,71
2015-12-24,14.365,14.369,14.365,14.369,4
2015-12-28,14.035,14.035,13.855,13.873,10
2015-12-29,14.02,14.02,13.917,13.917,108
2015-12-30,13.925,13.925,13.745,13.814,106
2015-12-31,13.775,13.775,13.775,13.775,13
2016-01-04,14.1,14.1,13.817,13.817,27
2016-01-05,13.949,13.949,13.949,13.949,4
2016-01-06,14.0,14.065,13.957,13.957,105
2016-01-07,14.335,14.34,14.33,14.335,286
2016-01-08,14.06,14.06,13.908,13.908,6
2016-01-11,13.95,14.01,13.855,13.855,17
2016-01-12,13.86,13.86,13.71,13.74,15
2016-01-13,13.85,14.145,13.85,14.145,17
2016-01-14,13.737,13.737,13.737,13.737,1
2016-01-15,13.884,13.884,13.884,13.884,0
2016-01-19,14.065,14.11,14.065,14.11,3
2016-01-20,14.147,14.147,14.147,14.147,1
2016-01-21,14.083,14.083,14.083,14.083,2
2016-01-22,14.29,14.29,14.043,14.043,7
2016-01-25,14.095,14.24,14.095,14.24,8
2016-01-26,14.385,14.544,14.385,14.544,1
2016-01-27,14.44,14.44,14.44,14.44,53
2016-01-28,14.355,14.355,14.215,14.216,27
2016-01-29,14.229,14.265,14.229,14.229,27
2016-02-01,14.245,14.37,14.235,14.329,9
2016-02-02,14.26,14.276,14.255,14.276,2
2016-02-03,14.4,14.775,14.4,14.72,47
2016-02-04,14.765,14.9,14.735,14.836,23
2016-02-05,14.86,14.9,14.725,14.764,7
2016-02-08,14.91,15.42,14.91,15.416,62
2016-02-09,15.39,15.444,15.34,15.444,18
2016-02-10,15.277,15.3,15.277,15.277,3
2016-02-11,15.3,15.789,15.3,15.789,58
2016-02-12,15.73,15.785,15.73,15.785,2
2016-02-16,15.385,15.385,15.329,15.329,7
2016-02-17,15.372,15.372,15.372,15.372,0
2016-02-18,15.427,15.427,15.427,15.427,0
2016-02-19,15.368,15.368,15.368,15.368,1
2016-02-22,15.179,15.179,15.179,15.179,1
2016-02-23,15.235,15.235,15.235,15.235,0
2016-02-24,15.292,15.292,15.292,15.292,1
2016-02-25,15.185,15.185,15.165,15.165,68976
2016-02-26,15.135,15.23,14.675,14.689,23335
2016-02-29,14.735,14.925,14.61,14.896,1598
2016-03-01,14.925,15.04,14.725,14.733,921
2016-03-02,14.81,15.003,14.76,15.003,809
2016-03-03,14.945,15.33,14.92,15.131,678
2016-03-04,15.22,15.78,15.14,15.681,912
2016-03-07,15.57,15.795,15.525,15.623,933
2016-03-08,15.71,15.75,15.365,15.384,906
2016-03-09,15.385,15.395,15.195,15.355,163
2016-03-10,15.315,15.625,15.175,15.546,571
2016-03-11,15.605,15.66,15.55,15.607,379
2016-03-14,15.55,15.8,15.37,15.518,276
2016-03-15,15.385,15.41,15.245,15.255,259
2016-03-16,15.27,15.66,15.214,15.214,167
2016-03-17,15.63,16.035,15.595,16.021999,382
2016-03-18,16.084999,16.15,15.806,15.806,118
2016-03-21,15.795,15.86,15.75,15.841,21
2016-03-22,15.95,15.955,15.845,15.877,45
2016-03-23,15.5,15.5,15.255,15.263,215
2016-03-24,15.29,15.315,15.18,15.191,73
2016-03-28,15.18,15.325,15.18,15.194,91
2016-03-29,15.115,15.237,15.115,15.237,60
2016-03-30,15.365,15.365,15.206,15.206,36
2016-03-31,15.42,15.46,15.42,15.46,39
2016-04-01,15.042,15.042,15.042,15.042,4
2016-04-04,15.02,15.02,14.942,14.942,4
2016-04-05,15.114,15.114,15.114,15.114,8
2016-04-06,15.052,15.052,15.052,15.052,12
2016-04-07,15.156,15.156,15.156,15.156,12
2016-04-08,15.382,15.382,15.382,15.382,14
2016-04-11,15.47,15.974,15.47,15.974,14
2016-04-12,15.96,16.219999,15.96,16.219999,7
2016-04-13,16.125,16.323,16.125,16.323,4
2016-04-14,16.065001,16.190001,16.065001,16.169001,2
2016-04-15,16.24,16.309,16.165001,16.309,35
2016-04-18,16.215,16.249001,16.215,16.249001,4
2016-04-19,16.968,16.968,16.968,16.968,2
2016-04-20,16.965,17.131001,16.940001,17.131001,2
2016-04-21,17.086,17.086,17.086,17.086,0
2016-04-22,16.896,16.896,16.896,16.896,7
2016-04-25,17.004999,17.004999,17.004999,17.004999,1
2016-04-26,17.106001,17.106001,17.106001,17.106001,2
2016-04-27,17.285999,17.285999,17.285999,17.285999,75957
2016-04-28,17.23,17.655001,17.139999,17.552999,24298
2016-04-29,17.59,17.99,17.59,17.789,4872
2016-05-02,17.85,18.030001,17.52,17.656,1122
2016-05-03,17.584999,17.73,17.360001,17.474001,452
2016-05-04,17.475,17.475,17.200001,17.277,421
2016-05-05,17.365,17.605,17.27,17.302,242
2016-05-06,17.34,17.59,17.334999,17.507,128
2016-05-09,17.469999,17.475,16.959999,17.07,368
2016-05-10,16.969999,17.129999,16.959999,17.075001,190
2016-05-11,17.235001,17.575001,17.23,17.302,58
2016-05-12,17.32,17.32,17.087,17.087,36
2016-05-13,17.155001,17.18,16.985001,17.115,54
2016-05-16,17.219999,17.219999,17.142,17.142,30
2016-05-17,17.32,17.32,17.235001,17.235001,65
2016-05-18,17.145,17.145,16.799999,17.120001,78
2016-05-19,16.91,16.91,16.415001,16.479,80
2016-05-20,16.465,16.518999,16.465,16.518999,2
2016-05-23,16.32,16.434999,16.32,16.41,23
2016-05-24,16.32,16.32,16.238001,16.238001,10
2016-05-25,16.245001,16.334999,16.245001,16.254999,205
2016-05-26,16.285,16.455,16.280001,16.337999,197
2016-05-27,16.295,16.325001,16.174999,16.246,400
2016-05-31,16.01,16.105,15.96,15.972,80
2016-06-01,16.0,16.0,15.906,15.906,7
2016-06-02,16.025,16.025,16.004999,16.004999,2
2016-06-03,16.35,16.43,16.344999,16.346001,7
2016-06-06,16.427999,16.427999,16.427999,16.427999,0
2016-06-07,16.377001,16.377001,16.377001,16.377001,10
2016-06-08,16.549999,17.049999,16.549999,16.968,10
2016-06-09,17.129999,17.253,16.98,17.253,25
2016-06-10,17.315001,17.315001,17.315001,17.315001,0
2016-06-13,17.427999,17.427999,17.427999,17.427999,0
2016-06-14,17.41,17.41,17.41,17.41,1
2016-06-15,17.49,17.49,17.489,17.489,1
2016-06-16,17.700001,17.700001,17.254999,17.594,10
2016-06-17,17.42,17.455,17.4,17.4,2
2016-06-20,17.445,17.503,17.445,17.503,3
2016-06-21,17.311001,17.311001,17.311001,17.311001,80
2016-06-22,17.23,17.305,17.23,17.305,3
2016-06-23,17.348,17.348,17.348,17.348,34
2016-06-24,17.215,17.825001,17.215,17.785,64
2016-06-27,17.865,17.865,17.74,17.74,1
2016-06-28,17.839001,17.839001,17.839001,17.839001,61138
2016-06-29,17.799999,18.514999,17.799999,18.362,26073
2016-06-30,18.315001,18.855,18.245001,18.582001,1444
2016-07-01,18.790001,19.924999,18.775,19.544001,1083
2016-07-05,19.754999,21.094999,19.625,19.865999,948
2016-07-06,20.33,20.495001,19.945,20.16,407
2016-07-07,20.139999,20.219999,19.530001,19.798,536
2016-07-08,19.735001,20.209999,19.4,20.058001,384
2016-07-11,20.370001,20.605,20.215,20.264,138
2016-07-12,20.41,20.465,20.1,20.129999,141
2016-07-13,20.385,20.42,20.195,20.370001,86
2016-07-14,20.440001,20.440001,20.084999,20.281,115
2016-07-15,20.23,20.23,20.08,20.125,93
2016-07-18,20.025,20.094999,19.745001,20.044001,301
2016-07-19,19.959999,20.01,19.92,19.975,46
2016-07-20,19.625,19.625,19.41,19.582001,136
2016-07-21,19.375,19.784,19.325001,19.784,28
2016-07-22,19.790001,19.795,19.657,19.657,75
2016-07-25,19.5,19.665001,19.4,19.615,122
2016-07-26,19.674999,19.684999,19.59,19.655001,171
2016-07-27,19.965,19.965,19.965,19.965,124
2016-07-28,20.290001,20.5,20.16,20.16,23
2016-07-29,20.200001,20.312,20.07,20.312,90
2016-08-01,20.495001,20.655001,20.465,20.465,19
2016-08-02,20.405001,20.75,20.405001,20.666,32
2016-08-03,20.625,20.645,20.405001,20.436001,22
2016-08-04,20.395,20.42,20.1,20.406,28
2016-08-05,20.27,20.27,19.780001,19.780001,10
2016-08-08,19.690001,19.84,19.690001,19.768,29
2016-08-09,19.813999,19.813999,19.813999,19.813999,9
2016-08-10,20.195,20.355,20.134001,20.134001,10
2016-08-11,19.983999,19.983999,19.983999,19.983999,0
2016-08-12,19.672001,19.73,19.672001,19.672001,10
2016-08-15,19.820999,19.820999,19.820999,19.820999,1
2016-08-16,19.950001,20.065001,19.848,19.848,27
2016-08-17,19.627001,19.695,19.627001,19.627001,1
2016-08-18,19.83,19.85,19.719999,19.719999,12
2016-08-19,19.365,19.365,19.301001,19.301001,2
2016-08-22,18.855,18.950001,18.843,18.843,24
2016-08-23,18.924999,18.924999,18.91,18.91,26
2016-08-24,18.82,18.82,18.540001,18.545,13
2016-08-25,18.478001,18.504999,18.478001,18.478001,3
2016-08-26,18.695,18.695,18.594999,18.645,4
2016-08-29,18.761999,18.761999,18.761999,18.761999,47463
2016-08-30,18.860001,18.940001,18.549999,18.577,14289
2016-08-31,18.58,18.795,18.52,18.622,1589
2016-09-01,18.700001,18.9,18.584999,18.857,370
2016-09-02,18.860001,19.395,18.780001,19.275999,508
2016-09-06,19.395,20.1,19.315001,20.049,825
2016-09-07,19.969999,20.014999,19.735001,19.759001,236
2016-09-08,19.795,19.875,19.58,19.591,237
2016-09-09,19.615,19.620001,19.025,19.282,125
2016-09-12,19.035,19.035,18.715,18.915001,253
2016-09-13,19.17,19.17,18.889999,18.889999,76
2016-09-14,18.995001,18.995001,18.982,18.982,107
2016-09-15,18.965,19.040001,18.809999,18.959,133
2016-09-16,18.889999,18.889999,18.75,18.781,79
2016-09-19,18.875,19.235001,18.875,19.205999,48
2016-09-20,19.200001,19.200001,19.139999,19.195,13
2016-09-21,19.686001,19.686001,19.686001,19.686001,22
2016-09-22,19.985001,20.02,19.879999,20.02,42
2016-09-23,19.855,19.855,19.733,19.733,48
2016-09-26,19.559999,19.559999,19.516001,19.516001,38
2016-09-27,19.379999,19.379999,19.087,19.087,30
2016-09-28,19.049999,19.055,19.044001,19.044001,56
2016-09-29,19.225,19.225,19.01,19.115,94
2016-09-30,19.4,19.6,19.139,19.139,70
2016-10-03,18.870001,18.870001,18.795,18.795,13
2016-10-04,18.5,18.5,17.712999,17.712999,160
2016-10-05,17.85,17.85,17.605,17.634001,19
2016-10-06,17.735001,17.764999,17.280001,17.288,16
2016-10-07,17.245001,17.52,17.195,17.323999,69
2016-10-11,17.65,17.65,17.455999,17.455999,5
2016-10-12,17.5,17.5,17.455,17.455,11
2016-10-13,17.440001,17.450001,17.41,17.41,9
2016-10-14,17.344999,17.434999,17.33,17.393,32
2016-10-17,17.415001,17.426001,17.415001,17.426001,13
2016-10-18,17.65,17.65,17.495001,17.591,21
2016-10-19,17.584999,17.709999,17.584999,17.615999,9
2016-10-20,17.684999,17.684999,17.424999,17.502001,17
2016-10-21,17.448,17.448,17.448,17.448,0
2016-10-24,17.562,17.562,17.562,17.562,12
2016-10-25,17.629999,17.736,17.629999,17.736,12
2016-10-26,17.655001,17.655001,17.584999,17.584999,6
2016-10-27,17.59,17.604,17.59,17.604,33
2016-10-28,17.625,17.855,17.605,17.761999,38
2016-10-31,17.809999,17.809999,17.761999,17.761999,4
2016-11-01,18.0,18.450001,18.0,18.385,50
2016-11-02,18.33,18.66,18.33,18.66,14
2016-11-03,18.382999,18.382999,18.33,18.382999,4
2016-11-04,18.341999,18.370001,18.341999,18.341999,10
2016-11-07,18.15,18.195,18.124001,18.124001,10
2016-11-08,18.299999,18.700001,18.299999,18.33,21
2016-11-09,18.77,18.799999,18.357,18.357,19
2016-11-10,18.475,18.716,18.459999,18.716,4
2016-11-14,17.459999,17.459999,16.805,16.877001,22
2016-11-15,17.049999,17.049999,17.028999,17.028999,1
2016-11-16,16.914,16.924999,16.914,16.914,1
2016-11-17,16.761,16.761,16.761,16.761,0
2016-11-18,16.613001,16.613001,16.613001,16.613001,3
2016-11-21,16.511999,16.549999,16.511999,16.511999,3
2016-11-22,16.622999,16.622999,16.622999,16.622999,2
2016-11-23,16.254999,16.382999,16.254999,16.382999,2
2016-11-25,16.540001,16.540001,16.464001,16.464001,1
2016-11-28,16.577999,16.577999,16.577999,16.577999,66688
2016-11-29,16.605,16.700001,16.389999,16.660999,17875
2016-11-30,16.545,16.715,16.395,16.406,1213
2016-12-01,16.495001,16.629999,16.25,16.427,777
2016-12-02,16.615,16.775,16.305,16.753,144
2016-12-05,16.905001,16.959999,16.525,16.823999,204
2016-12-06,16.84,16.860001,16.74,16.74,268
2016-12-07,16.665001,17.202999,16.645,17.202999,40
2016-12-08,17.1,17.110001,16.995001,17.025,75
2016-12-09,16.98,17.02,16.82,16.896999,186
2016-12-12,16.83,17.145,16.83,17.115999,104
2016-12-13,17.075001,17.15,16.764999,16.910999,201
2016-12-14,17.139999,17.152,16.799999,17.152,164
2016-12-15,16.5,16.5,15.89,15.897,420
2016-12-16,16.0,16.153,16.0,16.153,135
2016-12-19,16.0,16.025999,15.98,16.025999,9
2016-12-20,15.71,16.054001,15.7,16.054001,17
2016-12-21,16.105,16.125,15.918,15.918,187
2016-12-22,15.915,15.97,15.79,15.815,75
2016-12-23,15.775,15.8,15.704,15.704,10
2016-12-27,15.84,15.929,15.84,15.929,14
2016-12-28,16.0,16.025,15.875,15.988,397
2016-12-29,15.995,16.200001,15.995,16.163,119
2016-12-30,16.235001,16.235001,15.86,15.936,155
2017-01-03,16.040001,16.434999,16.030001,16.356001,6
2017-01-04,16.4,16.499001,16.395,16.499001,7
2017-01-05,16.645,16.709999,16.584,16.584,5
2017-01-06,16.375,16.49,16.375,16.466,4
2017-01-09,16.445,16.66,16.445,16.629999,4
2017-01-10,16.635,16.802999,16.594999,16.802999,242
2017-01-11,16.610001,16.783001,16.610001,16.783001,3
2017-01-12,16.780001,16.780001,16.780001,16.780001,5
2017-01-13,16.719999,16.719999,16.719999,16.719999,9
2017-01-17,17.101999,17.101999,17.101999,17.101999,104
2017-01-18,17.235001,17.235001,17.209999,17.235001,104
2017-01-19,16.966999,16.966999,16.966999,16.966999,4
2017-01-20,16.924999,17.120001,16.924999,16.997,67
2017-01-23,17.200001,17.200001,17.129999,17.15,10
2017-01-24,17.149,17.149,17.149,17.149,2
2017-01-25,16.83,16.959999,16.83,16.944,5
2017-01-26,16.813999,16.813999,16.813999,16.813999,0
2017-01-27,17.1,17.1,17.1,17.1,159
2017-01-30,17.15,17.15,17.122,17.122,26
2017-01-31,17.33,17.559999,17.33,17.511999,29
2017-02-01,17.450001,17.59,17.42,17.42,15
2017-02-02,17.67,17.67,17.402,17.402,19
2017-02-03,17.405001,17.452999,17.405001,17.452999,2
2017-02-06,17.594999,17.73,17.57,17.667,25
2017-02-07,17.575001,17.733,17.575001,17.733,6
2017-02-08,17.645,17.799999,17.645,17.683001,16
2017-02-09,17.75,17.815001,17.719999,17.719999,109
2017-02-10,17.58,17.965,17.58,17.912001,67
2017-02-13,17.9,17.9,17.804001,17.804001,8
2017-02-14,17.872,17.959999,17.872,17.872,26
2017-02-15,17.92,17.959999,17.92,17.947001,24
2017-02-16,18.049999,18.063,18.049999,18.063,16
2017-02-17,18.004999,18.049999,18.004999,18.018999,175
2017-02-21,17.99,18.049999,17.959999,17.99,189
2017-02-22,17.941999,17.941999,17.941999,17.941999,18
2017-02-23,18.055,18.113001,18.055,18.113001,68
2017-02-24,18.334999,18.334999,18.334999,18.334999,75359
2017-02-27,18.355,18.475,18.205,18.354,24873
2017-02-28,18.290001,18.445,18.235001,18.42,4006
2017-03-01,18.295,18.455,18.25,18.443001,985
2017-03-02,18.405001,18.405001,17.690001,17.705,898
2017-03-03,17.790001,17.945,17.625,17.697001,451
2017-03-06,17.9,17.9,17.700001,17.725,304
2017-03-07,17.719999,17.719999,17.465,17.492001,359
2017-03-08,17.485001,17.5,17.209999,17.257,886
2017-03-09,17.16,17.254999,16.924999,16.993,108
2017-03-10,16.924999,17.049999,16.834999,16.882999,170
2017-03-13,16.975,17.09,16.934999,16.934999,207
2017-03-14,16.924999,16.959999,16.888,16.888,92
2017-03-15,16.9,17.219999,16.82,16.888,122
2017-03-16,17.389999,17.469999,17.254999,17.296,226
2017-03-17,17.299999,17.379,17.280001,17.379,59
2017-03-20,17.424999,17.424999,17.355,17.403,83
2017-03-21,17.334999,17.549999,17.334999,17.549999,21
2017-03-22,17.549999,17.549999,17.540001,17.545,11
2017-03-23,17.575001,17.575001,17.563,17.563,29
2017-03-24,17.719999,17.719999,17.719999,17.719999,244
2017-03-27,18.08,18.1,18.08,18.08,10
2017-03-28,18.145,18.225,18.139999,18.225,74
2017-03-29,18.228001,18.228001,18.228001,18.228001,56
2017-03-30,18.16,18.25,18.16,18.184999,61
2017-03-31,18.120001,18.235001,18.115,18.235001,19
2017-04-03,18.219999,18.219999,18.191,18.191,24
2017-04-04,18.302,18.302,18.302,18.302,10
2017-04-05,18.215,18.215,18.165001,18.166,33
2017-04-06,18.17,18.225,18.17,18.225,139
2017-04-07,18.35,18.424999,18.129999,18.129999,9
2017-04-10,17.82,17.893999,17.75,17.893999,57
2017-04-11,18.040001,18.290001,18.040001,18.233,24
2017-04-12,18.32,18.389999,18.278999,18.278999,137
2017-04-13,18.475,18.5,18.469999,18.489,7
2017-04-17,18.493,18.493,18.43,18.493,7
2017-04-18,18.250999,18.250999,18.250999,18.250999,67
2017-04-19,18.136,18.136,18.136,18.136,67
2017-04-20,17.992001,17.992001,17.992001,17.992001,0
2017-04-21,17.985001,17.99,17.83,17.83,35
2017-04-24,17.848,17.848,17.848,17.848,4
2017-04-25,17.580999,17.580999,17.559999,17.580999,29
2017-04-26,17.353001,17.353001,17.353001,17.353001,102002
2017-04-27,17.459999,17.469999,17.205,17.264999,35737
2017-04-28,17.225,17.375,17.129999,17.191,1538
2017-05-01,17.184999,17.215,16.76,16.780001,1436
2017-05-02,16.855,16.955,16.754999,16.768999,543
2017-05-03,16.799999,16.834999,16.42,16.487,1233
2017-05-04,16.424999,16.549999,16.209999,16.243999,679
2017-05-05,16.290001,16.465,16.195,16.215,193
2017-05-08,16.26,16.395,16.198999,16.198999,148
2017-05-09,16.145,16.184999,16.007999,16.007999,89
2017-05-10,16.145,16.235001,16.1,16.150999,125
2017-05-11,16.155001,16.315001,16.155001,16.209,71
2017-05-12,16.285,16.405001,16.280001,16.346001,36
2017-05-15,16.434999,16.735001,16.424999,16.561001,82
2017-05-16,16.58,16.775,16.58,16.693001,51
2017-05-17,16.855,16.955,16.74,16.851999,124
2017-05-18,16.700001,16.705,16.51,16.621,57
2017-05-19,16.525,16.775,16.525,16.75,73
2017-05-22,17.143,17.143,17.143,17.143,2
2017-05-23,17.08,17.23,17.01,17.091,66
2017-05-24,16.99,17.077,16.99,17.077,16
2017-05-25,17.165001,17.190001,17.15,17.152,86
2017-05-26,17.105,17.309999,17.1,17.283001,448
2017-05-30,17.334999,17.4,17.209999,17.388,884
2017-05-31,17.209999,17.368,17.209999,17.368,47
2017-06-01,17.299999,17.305,17.025,17.243,83
2017-06-02,17.205,17.504999,17.120001,17.487,254
2017-06-05,17.545,17.6,17.545,17.547001,11
2017-06-06,17.51,17.695,17.51,17.677,18
2017-06-07,17.625,17.690001,17.51,17.587,97
2017-06-08,17.594999,17.605,17.365,17.384001,23
2017-06-09,17.455,17.455,17.174999,17.193001,34
2017-06-12,17.115,17.115,16.914,16.914,7
2017-06-13,16.915001,16.915001,16.738001,16.738001,35
2017-06-14,16.84,17.18,16.84,17.107,80
2017-06-15,16.629999,16.73,16.629999,16.691,13
2017-06-16,16.735001,16.735001,16.636,16.636,4
2017-06-19,16.51,16.530001,16.483,16.483,13
2017-06-20,16.469999,16.57,16.375,16.398001,51
2017-06-21,16.459999,16.469999,16.33,16.355,22
2017-06-22,16.440001,16.49,16.440001,16.49,4
2017-06-23,16.65,16.65,16.628,16.628,1
2017-06-26,16.424999,16.559999,16.424999,16.559999,4
2017-06-27,16.576,16.576,16.576,16.576,0
2017-06-28,16.745001,16.745001,16.684999,16.715,76357
2017-06-29,16.77,16.860001,16.555,16.586,17565
2017-06-30,16.59,16.629999,16.440001,16.568001,1336
2017-07-03,16.58,16.58,16.030001,16.037001,425
2017-07-05,16.1,16.1,15.835,15.842,615
2017-07-06,15.995,16.0,15.885,15.927,185
2017-07-07,15.96,15.965,15.3,15.371,301
2017-07-10,15.54,15.615,15.15,15.577,286
2017-07-11,15.575,15.76,15.4,15.697,163
2017-07-12,15.77,15.875,15.76,15.839,61
2017-07-13,15.89,15.89,15.64,15.642,20
2017-07-14,15.635,15.965,15.585,15.884,62
2017-07-17,16.1,16.110001,16.040001,16.049999,55
2017-07-18,16.025,16.254999,16.025,16.222,97
2017-07-19,16.139999,16.250999,16.129999,16.250999,47
2017-07-20,16.18,16.325001,16.135,16.299,72
2017-07-21,16.25,16.440001,16.25,16.41,69
2017-07-24,16.415001,16.465,16.355,16.398001,124
2017-07-25,16.41,16.497,16.264999,16.497,33
2017-07-26,16.4,16.610001,16.365,16.415001,100
2017-07-27,16.625,16.65,16.528999,16.528999,159
2017-07-28,16.495001,16.690001,16.49,16.664,78
2017-07-31,16.735001,16.825001,16.73,16.75,276
2017-08-01,16.635,16.785,16.635,16.728001,38
2017-08-02,16.697001,16.697001,16.697001,16.697001,6
2017-08-03,16.594,16.594,16.594,16.594,2
2017-08-04,16.264999,16.264999,16.205,16.222,2
2017-08-07,16.200001,16.235001,16.09,16.221001,4
2017-08-08,16.365,16.42,16.34,16.360001,35
2017-08-09,16.504999,16.85,16.475,16.834,85
2017-08-10,16.945,17.209999,16.945,17.035999,169
2017-08-11,17.094999,17.105,17.02,17.041,49
2017-08-14,17.055,17.115,16.99,17.093,56
2017-08-15,16.690001,16.690001,16.690001,16.690001,15
2017-08-16,16.695,17.065001,16.695,16.917,28
2017-08-17,17.129999,17.129999,16.99,17.030001,57
2017-08-18,16.98,16.98,16.98,16.98,25
2017-08-21,16.995001,16.995001,16.995001,16.995001,16
2017-08-22,16.962,16.962,16.962,16.962,15
2017-08-23,17.032,17.032,17.032,17.032,37
2017-08-24,17.055,17.059999,16.952,16.952,50
2017-08-25,16.952,17.038,16.952,17.038,71
2017-08-28,17.431,17.431,17.431,17.431,0
2017-08-29,17.422001,17.422001,17.422001,17.422001,115109
2017-08-30,17.389999,17.459999,17.285,17.403999,115109
2017-08-31,17.42,17.6,17.254999,17.48,21198
2017-09-01,17.565001,17.719999,17.445,17.719,1473
2017-09-05,17.780001,17.98,17.775,17.844999,535
2017-09-06,17.915001,17.969999,17.799999,17.816,309
2017-09-07,17.84,18.105,17.795,18.016001,807
2017-09-08,18.09,18.16,17.915001,18.027,364
2017-09-11,17.889999,17.889999,17.695,17.806999,397
2017-09-12,17.780001,17.870001,17.705,17.795,355
2017-09-13,17.860001,17.91,17.635,17.771999,428
2017-09-14,17.65,17.76,17.58,17.698,275
2017-09-15,17.76,17.799999,17.549999,17.611,244
2017-09-18,17.49,17.52,17.030001,17.070999,208
2017-09-19,17.135,17.24,17.115,17.195,163
2017-09-20,17.254999,17.34,17.01,17.250999,87
2017-09-21,16.895,16.937,16.799999,16.937,212
2017-09-22,16.985001,16.985001,16.903,16.903,90
2017-09-25,16.85,17.09,16.809999,17.059,172
2017-09-26,16.875,16.889999,16.775,16.804001,108
2017-09-27,16.700001,16.815001,16.695,16.747999,136
2017-09-28,16.75,16.83,16.655001,16.773001,177
2017-09-29,16.809999,16.809999,16.607,16.607,23
2017-10-02,16.594999,16.635,16.525,16.584999,19
2017-10-03,16.530001,16.584999,16.530001,16.580999,38
2017-10-04,16.645,16.82,16.514999,16.563,54
2017-10-05,16.65,16.709999,16.582001,16.582001,19
2017-10-06,16.59,16.733999,16.43,16.733999,24
2017-10-09,16.865,16.93,16.865,16.916,4
2017-10-10,16.934999,17.165001,16.924999,17.155001,33
2017-10-11,17.145,17.200001,17.065001,17.080999,49
2017-10-12,17.205,17.219999,17.205,17.211,43
2017-10-13,17.215,17.379999,17.215,17.355,70
2017-10-16,17.42,17.43,17.280001,17.315001,25
2017-10-17,16.987,17.01,16.987,16.987,55
2017-10-18,16.943001,16.943001,16.943001,16.943001,5
2017-10-19,16.99,17.219999,16.99,17.201,7
2017-10-20,17.17,17.17,16.99,17.021999,16
2017-10-23,16.92,17.024,16.870001,17.024,16
2017-10-24,16.889999,16.945,16.889999,16.907,57
2017-10-25,16.868,16.868,16.868,16.868,28
2017-10-26,16.764,16.764,16.764,16.764,64
2017-10-27,16.702,16.702,16.702,16.702,158
2017-10-30,16.715,16.844999,16.715,16.802,123
2017-10-31,16.795,16.795,16.645,16.645,297
2017-11-01,16.99,17.132,16.99,17.132,29
2017-11-02,17.065001,17.094,17.059999,17.094,18
2017-11-03,17.105,17.105,16.790001,16.794001,10
2017-11-06,17.195,17.225,17.195,17.195,10
2017-11-07,16.905001,16.924999,16.905001,16.905001,1
2017-11-08,17.106001,17.106001,17.106001,17.106001,5
2017-11-09,16.93,16.943001,16.93,16.943001,2
2017-11-10,17.0,17.0,16.844,16.844,1
2017-11-13,16.84,17.023001,16.84,17.023001,3
2017-11-14,16.905001,17.052,16.905001,17.052,1
2017-11-15,16.950001,16.950001,16.940001,16.950001,1
2017-11-16,16.950001,17.056,16.950001,17.056,9
2017-11-17,17.125,17.358,17.125,17.358,3
2017-11-20,16.827,16.827,16.827,16.827,0
2017-11-21,16.948999,16.948999,16.93,16.948999,1
2017-11-22,17.101,17.101,17.101,17.101,0
2017-11-24,16.99,16.99,16.981001,16.981001,1
2017-11-27,17.02,17.02,17.009001,17.009001,2
2017-11-28,17.02,17.025,16.811001,16.811001,96960
2017-11-29,16.809999,16.865,16.450001,16.457001,22561
2017-11-30,16.48,16.52,16.285,16.382,1585
2017-12-01,16.385,16.485001,16.200001,16.297001,523
2017-12-04,16.309999,16.34,16.190001,16.284,893
2017-12-05,16.25,16.280001,15.973,15.973,75
2017-12-06,16.040001,16.049999,15.868,15.868,207
2017-12-07,15.88,15.885,15.6,15.715,174
2017-12-08,15.675,15.765,15.655,15.736,75
2017-12-11,15.775,15.8,15.625,15.697,77
2017-12-12,15.665,15.7,15.555,15.582,197
2017-12-13,15.64,15.995,15.62,15.784,190
2017-12-14,16.0,16.0,15.8,15.85,31
2017-12-15,16.01,16.01,15.955,15.978,373
2017-12-18,15.98,16.120001,15.98,16.120001,46
2017-12-19,16.16,16.16,16.066,16.066,16
2017-12-20,16.094999,16.188,16.094999,16.188,16
2017-12-21,16.094999,16.152,16.094999,16.152,46
2017-12-22,16.139999,16.357,16.139999,16.357,194
2017-12-26,16.48,16.52,16.48,16.52,64
2017-12-27,16.594999,16.625,16.58,16.618999,627
2017-12-28,16.65,16.832001,16.65,16.832001,207
2017-12-29,16.92,17.059999,16.92,17.059999,17
2018-01-02,17.155001,17.16,17.121,17.121,34
2018-01-03,17.08,17.184999,17.08,17.184999,4
2018-01-04,17.084999,17.23,17.084999,17.188999,34
2018-01-05,17.205,17.205,17.205,17.205,0
2018-01-08,17.063999,17.063999,17.063999,17.063999,0
2018-01-09,16.936001,16.945,16.936001,16.936001,9
2018-01-10,16.962999,16.962999,16.955,16.962999,180
2018-01-11,16.955,16.965,16.893999,16.893999,35
2018-01-12,16.924999,17.120001,16.92,17.069,52
2018-01-16,17.305,17.325001,17.122,17.122,4
2018-01-17,17.094999,17.120001,16.969999,17.105,88
2018-01-18,17.0,17.01,16.893,16.893,6
2018-01-19,16.934999,16.99,16.934999,16.975,35
2018-01-22,16.985001,16.985001,16.931,16.931,3
2018-01-23,16.855,16.855,16.855,16.855,10
2018-01-24,17.424999,17.424999,17.424999,17.424999,3
2018-01-25,17.525,17.551001,17.525,17.551001,1
2018-01-26,17.382,17.382,17.382,17.382,41
2018-01-30,17.055,17.184999,17.013,17.013,22
2018-01-31,17.174999,17.209999,17.174999,17.204,22
2018-02-01,17.118,17.118,17.118,17.118,0
2018-02-02,16.676001,16.676001,16.676001,16.676001,3
2018-02-05,16.639,16.639,16.639,16.639,12
2018-02-06,16.705,16.705,16.540001,16.548,206
2018-02-07,16.629999,16.629999,16.205999,16.205999,4
2018-02-08,16.313999,16.313999,16.313999,16.313999,0
2018-02-09,16.115999,16.115999,16.115999,16.115999,16
2018-02-12,16.375,16.548,16.344999,16.548,2
2018-02-13,16.507,16.507,16.507,16.507,3
2018-02-14,16.858,16.858,16.858,16.858,201
2018-02-15,16.777,16.777,16.777,16.777,23
2018-02-16,16.695,16.695,16.695,16.695,1
2018-02-20,16.424999,16.424999,16.424999,16.424999,0
2018-02-21,16.604,16.604,16.604,16.604,0
2018-02-22,16.57,16.579,16.57,16.579,21
2018-02-23,16.549999,16.555,16.476,16.476,20
2018-02-26,16.542,16.542,16.542,16.542,68118
2018-02-27,16.610001,16.65,16.26,16.346001,23900
2018-02-28,16.334999,16.43,16.299999,16.323999,1018
2018-03-01,16.35,16.465,16.09,16.200001,564
2018-03-02,16.389999,16.495001,16.360001,16.392,83
2018-03-05,16.465,16.545,16.32,16.337999,143
2018-03-06,16.370001,16.809999,16.370001,16.715,344
2018-03-07,16.639999,16.639999,16.4,16.427999,34
2018-03-08,16.440001,16.465,16.375,16.436001,70
2018-03-09,16.33,16.615,16.305,16.546,355
2018-03-12,16.565001,16.565001,16.389999,16.471001,48
2018-03-13,16.495001,16.559999,16.459999,16.559,19
2018-03-14,16.535,16.535,16.466999,16.466999,3
2018-03-15,16.485001,16.485001,16.305,16.353001,34
2018-03-16,16.334999,16.405001,16.184999,16.202,34
2018-03-19,16.165001,16.26,16.165001,16.254999,137
2018-03-20,16.215,16.215,16.049999,16.125,114
2018-03-21,16.385,16.530001,16.357,16.357,76
2018-03-22,16.49,16.504999,16.327999,16.327999,2
2018-03-23,16.450001,16.549999,16.450001,16.530001,55
2018-03-26,16.700001,16.725,16.615,16.632,43
2018-03-27,16.504999,16.504999,16.489,16.489,167
2018-03-28,16.450001,16.450001,16.195,16.205,79
2018-03-29,16.25,16.25,16.209999,16.223,39
2018-04-02,16.469999,16.627001,16.469999,16.627001,6
2018-04-03,16.347,16.347,16.347,16.347,0
2018-04-04,16.434999,16.445,16.209,16.209,39
2018-04-05,16.200001,16.32,16.190001,16.32,12
2018-04-06,16.299999,16.332001,16.285,16.332001,4
2018-04-09,16.344999,16.499001,16.344999,16.499001,35
2018-04-10,16.41,16.566,16.41,16.566,6
2018-04-11,16.738001,16.738001,16.738001,16.738001,0
2018-04-12,16.615,16.615,16.443001,16.443001,3
2018-04-13,16.628,16.628,16.628,16.628,0
2018-04-16,16.662001,16.662001,16.662001,16.662001,120
2018-04-17,16.771999,16.771999,16.771999,16.771999,0
2018-04-18,16.825001,17.231001,16.825001,17.231001,11
2018-04-19,17.17,17.222,17.17,17.222,1
2018-04-20,17.174999,17.174999,17.1,17.146999,127
2018-04-23,16.825001,16.83,16.570999,16.570999,20
2018-04-24,16.66,16.687,16.66,16.687,5
2018-04-25,16.555,16.555,16.486,16.486,2
2018-04-26,16.488001,16.488001,16.488001,16.488001,69508
2018-04-27,16.49,16.530001,16.385,16.406,20148
2018-04-30,16.475,16.485001,16.139999,16.312,1573
2018-05-01,16.280001,16.285,16.0,16.039,1407
2018-05-02,16.190001,16.450001,16.190001,16.291,884
2018-05-03,16.370001,16.530001,16.34,16.362,642
2018-05-04,16.405001,16.440001,16.33,16.434,296
2018-05-07,16.49,16.504999,16.389999,16.413,308
2018-05-08,16.415001,16.445,16.25,16.388,215
2018-05-09,16.514999,16.514999,16.455,16.458,152
2018-05-10,16.459999,16.684999,16.455,16.68,36
2018-05-11,16.725,16.725,16.676001,16.676001,76
2018-05-14,16.65,16.65,16.549999,16.57,67
2018-05-15,16.35,16.35,16.165001,16.194,121
2018-05-16,16.297001,16.297001,16.297001,16.297001,48
2018-05-17,16.315001,16.413,16.315001,16.413,136
2018-05-18,16.379999,16.405001,16.379999,16.386999,33
2018-05-21,16.450001,16.459999,16.450001,16.452,15
2018-05-22,16.540001,16.540001,16.507999,16.507999,72
2018-05-23,16.295,16.337999,16.285,16.337999,31
2018-05-24,16.621,16.621,16.621,16.621,836
2018-05-25,16.549999,16.549999,16.481001,16.481001,64
2018-05-29,16.305,16.305,16.305,16.305,546
2018-05-30,16.34,16.504999,16.26,16.479,398
2018-05-31,16.5,16.5,16.402,16.402,65
2018-06-01,16.388,16.388,16.388,16.388,5
2018-06-04,16.379,16.379,16.379,16.379,40
2018-06-05,16.355,16.495001,16.355,16.490999,18
2018-06-06,16.465,16.642,16.455,16.642,94
2018-06-07,16.725,16.865,16.68,16.766001,17
2018-06-08,16.735001,16.76,16.694,16.694,16
2018-06-11,16.870001,16.91,16.870001,16.905001,18
2018-06-12,16.849001,16.849001,16.849001,16.849001,0
2018-06-13,16.952999,17.07,16.952999,16.952999,6
2018-06-14,17.120001,17.285,17.115,17.226,101
2018-06-15,17.120001,17.285,16.452,16.452,23
2018-06-18,16.412001,16.412001,16.412001,16.412001,5
2018-06-19,16.305,16.33,16.299999,16.302999,115
2018-06-20,16.289,16.289,16.289,16.289,0
2018-06-21,16.306,16.306,16.306,16.306,0
2018-06-22,16.305,16.438999,16.295,16.438999,6
2018-06-25,16.309999,16.309999,16.295,16.308001,2
2018-06-26,16.238001,16.238001,16.238001,16.238001,4
2018-06-27,16.139,16.139,16.139,16.139,96137
2018-06-28,16.035,16.094999,15.88,15.951,28819
2018-06-29,15.965,16.115,15.91,16.104,2765
2018-07-02,16.055,16.055,15.73,15.744,1009
2018-07-03,15.79,15.98,15.74,15.952,332
2018-07-05,16.014999,16.049999,15.895,16.007999,207
2018-07-06,15.945,16.0,15.93,15.981,163
2018-07-09,16.17,16.17,16.052999,16.052999,39
2018-07-10,16.003,16.003,16.003,16.003,43
2018-07-11,15.732,15.735,15.732,15.732,53
2018-07-12,15.87,15.935,15.87,15.898,39
2018-07-13,15.905,15.905,15.71,15.739,63
2018-07-16,15.725,15.735,15.725,15.735,7
2018-07-17,15.71,15.71,15.505,15.546,365
2018-07-18,15.42,15.503,15.355,15.503,29
2018-07-19,15.21,15.34,15.135,15.34,46
2018-07-20,15.4,15.49,15.4,15.49,279
2018-07-23,15.505,15.505,15.355,15.368,15
2018-07-24,15.345,15.495,15.345,15.463,65
2018-07-25,15.435,15.533,15.435,15.533,48
2018-07-26,15.57,15.57,15.375,15.438,104
2018-07-27,15.355,15.495,15.355,15.436,227
2018-07-30,15.44,15.475,15.41,15.475,322
2018-07-31,15.555,15.555,15.5,15.5,352
2018-08-01,15.42,15.42,15.394,15.394,19
2018-08-02,15.375,15.375,15.26,15.329,183
2018-08-03,15.455,15.455,15.406,15.406,7
2018-08-06,15.292,15.292,15.292,15.292,1
2018-08-07,15.317,15.317,15.317,15.317,0
2018-08-08,15.376,15.39,15.376,15.376,4
2018-08-09,15.419,15.419,15.419,15.419,141
2018-08-10,15.425,15.425,15.266,15.266,20
2018-08-13,15.24,15.24,14.953,14.953,5
2018-08-14,15.025,15.025,15.025,15.025,2
2018-08-15,15.04,15.04,14.395,14.421,186
2018-08-16,14.66,14.71,14.635,14.697,138
2018-08-17,14.625,14.75,14.595,14.616,19
2018-08-20,14.7,14.7,14.63,14.655,16
2018-08-21,14.751,14.751,14.751,14.751,0
2018-08-22,14.7,14.735,14.7,14.735,1
2018-08-23,14.625,14.625,14.485,14.527,3
2018-08-24,14.47,14.82,14.47,14.779,41
2018-08-27,14.844,14.844,14.844,14.844,0
2018-08-28,14.82,14.82,14.767,14.767,1
2018-08-29,14.688,14.688,14.688,14.688,68753
2018-08-30,14.685,14.71,14.43,14.477,15963
2018-08-31,14.485,14.65,14.425,14.438,608
2018-09-04,14.4,14.4,13.96,14.061,750
2018-09-05,14.085,14.165,14.05,14.118,240
2018-09-06,14.13,14.225,14.05,14.075,191
2018-09-07,14.095,14.14,14.04,14.067,132
2018-09-10,14.04,14.145,14.04,14.079,65
2018-09-11,14.11,14.11,13.91,14.052,99
2018-09-12,14.065,14.192,14.005,14.192,64
2018-09-13,14.135,14.255,14.135,14.143,80
2018-09-14,14.11,14.175,14.03,14.042,55
2018-09-17,13.98,14.13,13.98,14.122,32
2018-09-18,14.115,14.115,14.06,14.084,925
2018-09-19,14.21,14.215,14.189,14.189,462
2018-09-20,14.19,14.245,14.19,14.215,507
2018-09-21,14.265,14.269,14.26,14.269,9
2018-09-24,14.25,14.32,14.205,14.251,27
2018-09-25,14.42,14.44,14.398,14.398,17
2018-09-26,14.33,14.33,14.305,14.305,393
2018-09-27,14.32,14.385,14.12,14.201,138
2018-09-28,14.18,14.623,14.18,14.623,49
2018-10-01,14.35,14.422,14.35,14.422,83
2018-10-02,14.42,14.74,14.42,14.61,63
2018-10-03,14.735,14.735,14.59,14.59,24
2018-10-04,14.51,14.51,14.51,14.51,0
2018-10-05,14.569,14.569,14.569,14.569,0
2018-10-08,14.215,14.259,14.215,14.259,2
2018-10-09,14.329,14.329,14.329,14.329,0
2018-10-10,14.255,14.26,14.255,14.255,1
2018-10-11,14.26,14.565,14.23,14.535,9
2018-10-12,14.564,14.564,14.564,14.564,40
2018-10-15,14.656,14.665,14.656,14.656,1
2018-10-16,14.63,14.63,14.63,14.63,74
2018-10-17,14.592,14.592,14.592,14.592,0
2018-10-18,14.533,14.533,14.533,14.533,0
2018-10-19,14.579,14.579,14.579,14.579,0
2018-10-22,14.522,14.522,14.522,14.522,110
2018-10-23,14.728,14.728,14.728,14.728,2
2018-10-24,14.665,14.665,14.611,14.611,33
2018-10-25,14.565,14.565,14.565,14.565,0
2018-10-26,14.635,14.635,14.635,14.635,0
2018-10-29,14.377,14.377,14.377,14.377,101
2018-10-30,14.46,14.46,14.34,14.403,428
2018-10-31,14.42,14.42,14.229,14.229,14
2018-11-01,14.729,14.729,14.729,14.729,11
2018-11-02,14.707,14.707,14.707,14.707,3
2018-11-05,14.604,14.604,14.604,14.604,29
2018-11-06,14.58,14.58,14.458,14.458,4
2018-11-07,14.54,14.645,14.528,14.528,6
2018-11-08,14.386,14.386,14.386,14.386,29
2018-11-09,14.103,14.103,14.103,14.103,10
2018-11-12,14.1,14.1,13.974,13.974,2
2018-11-13,14.0,14.015,13.945,13.952,9
2018-11-14,14.055,14.055,14.055,14.055,0
2018-11-15,14.237,14.237,14.237,14.237,3
2018-11-16,14.358,14.358,14.358,14.358,0
2018-11-19,14.381,14.381,14.381,14.381,1
2018-11-20,14.38,14.38,14.247,14.247,76
2018-11-21,14.34,14.48,14.33,14.48,3
2018-11-23,14.235,14.235,14.221,14.221,3
2018-11-26,14.183,14.183,14.183,14.183,0
2018-11-27,14.062,14.062,14.062,14.062,0
2018-11-28,14.303,14.303,14.303,14.303,84402
2018-11-29,14.29,14.335,14.205,14.273,23378
2018-11-30,14.27,14.28,13.985,14.094,1093
2018-12-03,14.21,14.475,14.185,14.381,342
2018-12-04,14.385,14.521,14.385,14.521,65
2018-12-06,14.42,14.42,14.33,14.39,48
2018-12-07,14.405,14.572,14.405,14.572,88
2018-12-10,14.565,14.565,14.478,14.478,42
2018-12-11,14.5,14.685,14.499,14.499,221
2018-12-12,14.62,14.73,14.62,14.725,162
2018-12-13,14.729,14.729,14.725,14.729,47
2018-12-14,14.49,14.513,14.49,14.513,19
2018-12-17,14.56,14.639,14.56,14.639,81
2018-12-18,14.605,14.605,14.585,14.585,28
2018-12-19,14.702,14.702,14.702,14.702,35
2018-12-20,14.53,14.753,14.53,14.753,116
2018-12-21,14.583,14.583,14.583,14.583,35
2018-12-24,14.701,14.701,14.701,14.701,0
2018-12-26,14.98,15.05,14.98,15.004,85
2018-12-27,15.191,15.191,15.191,15.191,757
2018-12-28,15.19,15.326,15.19,15.326,233
2018-12-31,15.41,15.445,15.41,15.433,17
2019-01-02,15.52,15.57,15.42,15.542,91
2019-01-03,15.706,15.706,15.706,15.706,7
2019-01-04,15.69,15.695,15.62,15.695,12
2019-01-07,15.75,15.75,15.669,15.669,34
2019-01-08,15.626,15.626,15.626,15.626,27
2019-01-09,15.7,15.7,15.653,15.653,15
2019-01-10,15.561,15.561,15.561,15.561,22
2019-01-11,15.595,15.615,15.577,15.577,43
2019-01-14,15.59,15.615,15.59,15.609,38
2019-01-15,15.61,15.625,15.546,15.546,64
2019-01-16,15.535,15.6,15.535,15.564,7
2019-01-17,15.467,15.51,15.467,15.467,27
2019-01-18,15.33,15.33,15.29,15.33,14
2019-01-22,15.295,15.295,15.14,15.259,16
2019-01-23,15.31,15.32,15.28,15.317,10
2019-01-24,15.238,15.27,15.238,15.238,7
2019-01-25,15.25,15.639,15.25,15.639,7
2019-01-28,15.595,15.709,15.595,15.709,7
2019-01-29,15.786,15.786,15.786,15.786,120
2019-01-30,15.805,15.885,15.805,15.88,65
2019-01-31,16.059999,16.139999,16.0,16.021999,64
2019-02-01,16.01,16.01,15.86,15.88,79
2019-02-04,15.837,15.837,15.837,15.837,26
2019-02-05,15.79,15.79,15.79,15.79,10
2019-02-06,15.71,15.71,15.656,15.656,13
2019-02-07,15.66,15.69,15.66,15.675,6
2019-02-08,15.82,15.82,15.773,15.773,2
2019-02-11,15.657,15.657,15.65,15.657,2
2019-02-12,15.66,15.66,15.66,15.66,0
2019-02-13,15.71,15.755,15.605,15.624,30
2019-02-14,15.5,15.5,15.5,15.5,0
2019-02-15,15.723,15.723,15.723,15.723,2
2019-02-19,15.947,15.947,15.947,15.947,0
2019-02-20,16.157,16.157,16.059999,16.157,2
2019-02-21,15.97,15.97,15.791,15.791,12
2019-02-22,15.908,15.908,15.908,15.908,12
2019-02-25,15.945,15.945,15.825,15.825,1
2019-02-26,15.827,15.827,15.827,15.827,60807
2019-02-27,15.89,15.92,15.645,15.672,17247
2019-02-28,15.675,15.765,15.52,15.538,1031
2019-03-01,15.555,15.575,15.08,15.169,585
2019-03-04,15.17,15.205,15.005,15.017,317
2019-03-05,15.025,15.075,15.005,15.02,222
2019-03-06,15.025,15.025,14.975,15.003,25
2019-03-07,15.025,15.025,14.92,14.96,8
2019-03-08,15.045,15.272,15.045,15.272,11
2019-03-11,15.215,15.215,15.197,15.197,16
2019-03-12,15.338,15.4,15.338,15.338,23
2019-03-13,15.375,15.42,15.37,15.381,110
2019-03-14,15.185,15.185,15.09,15.101,20
2019-03-15,15.245,15.255,15.22,15.253,5
2019-03-18,15.251,15.251,15.251,15.251,0
2019-03-19,15.315,15.315,15.3,15.301,21
2019-03-20,15.285,15.29,15.22,15.245,94
2019-03-21,15.52,15.52,15.372,15.372,3
2019-03-22,15.345,15.345,15.345,15.345,0
2019-03-25,15.515,15.515,15.5,15.507,6
2019-03-26,15.4,15.42,15.371,15.371,45
2019-03-27,15.239,15.239,15.239,15.239,375
2019-03-28,15.23,15.235,14.91,14.921,343
2019-03-29,14.93,15.065,14.93,15.06,23
2019-04-01,15.035,15.135,15.0,15.051,55
2019-04-02,14.94,15.025,14.94,15.018,36
2019-04-03,15.02,15.059,15.02,15.059,2
2019-04-04,15.041,15.041,15.041,15.041,0
2019-04-05,15.043,15.043,15.043,15.043,0
2019-04-08,15.173,15.173,15.173,15.173,0
2019-04-09,15.26,15.26,15.168,15.168,1
2019-04-10,15.17,15.205,15.095,15.201,18
2019-04-11,15.14,15.14,14.824,14.824,1
2019-04-12,14.92,14.92,14.92,14.92,3
2019-04-15,14.948,14.948,14.948,14.948,0
2019-04-16,14.891,14.891,14.891,14.891,0
2019-04-17,14.921,14.921,14.921,14.921,0
2019-04-18,14.89,14.937,14.89,14.937,1
2019-04-22,14.957,14.957,14.957,14.957,0
2019-04-23,14.773,14.773,14.773,14.773,0
2019-04-24,14.898,14.898,14.898,14.898,0
2019-04-25,14.885,14.885,14.861,14.861,1
2019-04-26,15.002,15.002,15.002,15.002,78208
2019-04-29,15.03,15.035,14.82,14.844,18270
2019-04-30,14.87,14.96,14.77,14.9,690
2019-05-01,14.885,14.89,14.57,14.645,565
2019-05-02,14.6,14.625,14.525,14.54,796
2019-05-03,14.56,14.907,14.56,14.907,242
2019-05-06,14.87,14.92,14.725,14.857,82
2019-05-07,14.85,14.865,14.77,14.86,150
2019-05-08,14.89,14.895,14.785,14.792,85
2019-05-09,14.705,14.72,14.7,14.707,16
2019-05-10,14.72,14.73,14.69,14.726,22
2019-05-13,14.72,14.72,14.585,14.713,27
2019-05-14,14.71,14.752,14.71,14.752,1
2019-05-15,14.755,14.765,14.752,14.752,4
2019-05-16,14.755,14.755,14.44,14.479,241
2019-05-17,14.485,14.58,14.345,14.348,156
2019-05-20,14.365,14.42,14.34,14.409,13
2019-05-21,14.405,14.405,14.325,14.373,49
2019-05-22,14.4,14.425,14.39,14.414,105
2019-05-23,14.545,14.577,14.54,14.577,4
2019-05-24,14.55,14.55,14.52,14.52,17
2019-05-28,14.3,14.31,14.245,14.281,73
2019-05-29,14.372,14.372,14.372,14.372,258
2019-05-30,14.355,14.485,14.305,14.46,136
2019-05-31,14.465,14.54,14.465,14.53,62
2019-06-03,14.72,14.72,14.703,14.703,3
2019-06-04,14.75,14.75,14.732,14.732,2
2019-06-05,15.0,15.0,14.754,14.754,50
2019-06-06,14.89,14.89,14.868,14.868,1
2019-06-07,15.0,15.125,14.994,14.994,4
2019-06-10,14.605,14.605,14.605,14.605,0
2019-06-11,14.706,14.706,14.706,14.706,0
2019-06-12,14.722,14.722,14.722,14.722,0
2019-06-13,14.871,14.871,14.871,14.871,1
2019-06-14,14.782,14.782,14.782,14.782,240
2019-06-17,14.814,14.814,14.814,14.814,3
2019-06-18,14.98,14.98,14.98,14.98,1
2019-06-19,14.945,14.945,14.945,14.945,0
2019-06-20,15.469,15.469,15.469,15.469,103
2019-06-21,15.295,15.305,15.26,15.273,4
2019-06-24,15.368,15.368,15.368,15.368,24
2019-06-25,15.291,15.291,15.291,15.291,0
2019-06-26,15.283,15.283,15.283,15.283,93664
2019-06-27,15.275,15.275,15.12,15.205,21835
2019-06-28,15.22,15.295,15.18,15.253,842
2019-07-01,15.17,15.245,15.075,15.106,227
2019-07-02,15.125,15.2,14.995,15.154,132
2019-07-03,15.42,15.42,15.24,15.252,12
2019-07-05,15.245,15.25,14.885,14.918,107
2019-07-08,14.965,15.06,14.925,14.972,23
2019-07-09,15.045,15.068,15.045,15.068,1
2019-07-10,15.055,15.147,15.0,15.147,5
2019-07-11,15.225,15.23,15.067,15.067,36
2019-07-12,15.075,15.185,15.055,15.161,7
2019-07-15,15.26,15.29,15.26,15.29,16
2019-07-16,15.295,15.645,15.295,15.6,41
2019-07-17,15.73,15.893,15.73,15.893,85
2019-07-18,15.98,16.120001,15.98,16.120001,61
2019-07-19,16.275,16.504999,16.117001,16.117001,68
2019-07-22,16.295,16.34,16.290001,16.34,161
2019-07-23,16.405001,16.405001,16.405001,16.405001,73
2019-07-24,16.299999,16.554001,16.299999,16.554001,45
2019-07-25,16.4,16.415001,16.339001,16.339001,64
2019-07-26,16.42,16.424999,16.325001,16.325001,25
2019-07-29,16.368,16.368,16.368,16.368,446
2019-07-30,16.370001,16.549999,16.370001,16.495001,331
2019-07-31,16.51,16.51,16.219999,16.346001,224
2019-08-01,16.105,16.299999,15.895,16.121,74
2019-08-02,16.135,16.222,16.059999,16.222,78
2019-08-05,16.15,16.434999,16.125,16.344999,79
2019-08-06,16.405001,16.405001,16.405001,16.405001,54
2019-08-07,17.156,17.156,17.156,17.156,89
2019-08-08,16.900999,16.900999,16.900999,16.900999,157
2019-08-09,16.896999,16.896999,16.896999,16.896999,91
2019-08-12,16.875,17.039,16.860001,17.039,121
2019-08-13,17.309999,17.315001,16.955999,16.955999,22
2019-08-14,17.253,17.253,17.253,17.253,48
2019-08-15,17.188,17.188,17.188,17.188,47
2019-08-16,17.096001,17.096001,17.096001,17.096001,0
2019-08-19,16.914,16.914,16.914,16.914,1
2019-08-20,17.065001,17.122,17.065001,17.122,4
2019-08-21,17.125,17.125,17.120001,17.125,2
2019-08-22,17.014,17.014,17.014,17.014,0
2019-08-23,17.395,17.395,17.395,17.395,0
2019-08-26,17.540001,17.624001,17.540001,17.624001,4
2019-08-27,18.139,18.139,18.139,18.139,2
2019-08-28,18.24,18.304001,18.235001,18.304001,97738
2019-08-29,18.299999,18.615,17.985001,18.167,22272
2019-08-30,18.195,18.41,18.02,18.184999,1479
2019-09-03,18.450001,19.225,18.25,19.079,828
2019-09-04,19.215,19.540001,19.215,19.391001,462
2019-09-05,19.485001,19.485001,18.424999,18.656,386
2019-09-06,18.629999,18.684999,17.968,17.968,343
2019-09-09,18.205,18.205,17.950001,18.018999,517
2019-09-10,17.77,18.084999,17.77,18.041,190
2019-09-11,18.065001,18.07,18.030001,18.031,320
2019-09-12,18.07,18.165001,18.030001,18.041,135
2019-09-13,18.004999,18.004999,17.405001,17.436001,201
2019-09-16,17.780001,17.900999,17.780001,17.900999,40
2019-09-17,18.016001,18.016001,18.016001,18.016001,99
2019-09-18,17.795,17.795,17.795,17.795,4
2019-09-19,17.815001,17.815001,17.725,17.773001,135
2019-09-20,17.754999,17.950001,17.738001,17.738001,53
2019-09-23,18.215,18.6,18.209999,18.6,75
2019-09-24,18.52,18.52,18.517,18.517,3
2019-09-25,18.57,18.57,17.962,17.962,26
2019-09-26,17.91,17.91,17.801001,17.801001,1389
2019-09-27,17.82,17.83,17.33,17.552,227
2019-09-30,17.495001,17.504999,16.898001,16.898001,33
2019-10-01,16.924999,17.26,16.924999,17.202,77
2019-10-02,17.174999,17.591999,17.155001,17.591999,44
2019-10-03,17.504999,17.635,17.450001,17.584999,42
2019-10-04,17.440001,17.540001,17.32,17.540001,27
2019-10-07,17.450001,17.530001,17.450001,17.457001,8
2019-10-08,17.639999,17.639999,17.617001,17.617001,2
2019-10-09,17.728001,17.75,17.719999,17.728001,4
2019-10-10,17.6,17.6,17.49,17.52,2
2019-10-11,17.594999,17.594999,17.35,17.462,5
2019-10-14,17.525,17.634001,17.525,17.634001,3
2019-10-15,17.455,17.455,17.308001,17.308001,23
2019-10-16,17.219999,17.351,17.174999,17.351,115
2019-10-17,17.299999,17.535999,17.299999,17.535999,8
2019-10-18,17.469999,17.502001,17.465,17.502001,30
2019-10-21,17.51,17.530001,17.504999,17.525999,18
2019-10-22,17.49,17.49,17.437,17.437,51
2019-10-23,17.485001,17.559999,17.485001,17.517,27
2019-10-24,17.739,17.739,17.739,17.739,23
2019-10-25,17.861,17.945,17.861,17.861,18
2019-10-28,17.889999,17.889999,17.77,17.816,60
2019-10-29,17.771,17.771,17.771,17.771,74
2019-10-30,17.790001,17.82,17.715,17.815001,29
2019-10-31,18.014,18.014,18.014,18.014,78
2019-11-01,18.030001,18.030001,18.004,18.004,13
2019-11-04,18.014,18.014,18.014,18.014,23
2019-11-05,18.025,18.025,17.516001,17.516001,2
2019-11-06,17.525,17.558001,17.370001,17.558001,45
2019-11-07,17.540001,17.565001,16.969999,16.969999,5
2019-11-08,16.844999,16.875,16.764999,16.783001,31
2019-11-11,16.674999,16.761999,16.674999,16.761999,5
2019-11-12,16.799999,16.805,16.674999,16.677,28
2019-11-13,16.764999,16.898001,16.764999,16.898001,7
2019-11-14,16.870001,17.013,16.870001,17.013,14
2019-11-15,16.959999,16.969999,16.799999,16.933001,7
2019-11-18,16.985001,16.985001,16.985001,16.985001,0
2019-11-19,17.103001,17.103001,17.103001,17.103001,0
2019-11-20,17.1,17.1,17.1,17.1,0
2019-11-21,17.049999,17.049999,17.049999,17.049999,0
2019-11-22,16.985001,16.985001,16.985001,16.985001,0
2019-11-25,16.871,16.871,16.871,16.871,0
2019-11-26,17.030001,17.030001,17.030001,17.030001,84255
2019-11-27,17.059999,17.065001,16.875,16.912001,26892
2019-11-29,16.9,16.985001,16.799999,16.969,1598
2019-12-02,16.915001,16.92,16.785,16.836,343
2019-12-03,16.860001,17.16,16.809999,17.125,381
2019-12-04,17.115,17.24,16.754999,16.797001,287
2019-12-05,16.84,16.941999,16.780001,16.941999,261
2019-12-06,16.82,16.825001,16.465,16.481001,159
2019-12-09,16.475,16.559999,16.469999,16.532,142
2019-12-10,16.555,16.610001,16.555,16.596001,188
2019-12-11,16.545,16.83,16.545,16.743999,84
2019-12-12,16.83,17.014999,16.74,16.844999,61
2019-12-13,16.879999,16.912001,16.825001,16.912001,23
2019-12-16,16.98,17.018999,16.940001,17.018999,75
2019-12-17,16.995001,17.0,16.975,16.978001,103
2019-12-18,16.985001,17.0,16.844999,16.952999,45
2019-12-19,16.985001,17.075001,16.975,17.058001,987
2019-12-20,17.18,17.18,17.128,17.128,1
2019-12-23,17.355,17.41,17.355,17.403,23
2019-12-24,17.52,17.757,17.514999,17.757,3
2019-12-26,17.91,17.985001,17.879999,17.893999,53
2019-12-27,17.93,17.93,17.849001,17.849001,430
2019-12-30,17.9,17.91,17.85,17.908001,89
2019-12-31,18.065001,18.065001,17.799999,17.827999,232
2020-01-02,17.966,17.99,17.966,17.966,2
2020-01-03,18.110001,18.110001,17.965,18.068001,83
2020-01-06,18.025,18.105,18.025,18.097,3
2020-01-07,18.014999,18.344999,18.014999,18.316,33
2020-01-08,18.4,18.504999,18.07,18.087999,31
2020-01-09,17.76,17.860001,17.76,17.860001,38
2020-01-10,18.033001,18.033001,18.033001,18.033001,2
2020-01-13,17.969999,18.02,17.926001,17.926001,5
2020-01-14,17.855,17.875,17.674,17.674,17
2020-01-15,17.923,17.923,17.923,17.923,0
2020-01-16,17.950001,17.950001,17.875,17.875,52
2020-01-17,18.013,18.013,18.013,18.013,67
2020-01-21,17.750999,17.750999,17.750999,17.750999,175
2020-01-22,17.771,17.771,17.771,17.771,0
2020-01-23,17.73,17.773001,17.73,17.773001,110
2020-01-24,17.870001,18.056999,17.870001,18.056999,280
2020-01-27,18.0,18.0,18.0,18.0,2
2020-01-28,17.605,17.605,17.402,17.402,10
2020-01-29,17.450001,17.450001,17.370001,17.431,132
2020-01-30,17.540001,17.965,17.540001,17.952,50
2020-01-31,17.972,17.972,17.972,17.972,1
2020-02-03,17.795,17.799999,17.6,17.639999,19
2020-02-04,17.528,17.528,17.528,17.528,154
2020-02-05,17.569,17.569,17.569,17.569,10
2020-02-06,17.789,17.789,17.789,17.789,0
2020-02-07,17.665001,17.665001,17.665001,17.665001,7
2020-02-10,17.780001,17.780001,17.757999,17.757999,1
2020-02-11,17.695,17.715,17.573,17.573,7
2020-02-12,17.478001,17.478001,17.478001,17.478001,10
2020-02-13,17.6,17.6,17.6,17.6,3
2020-02-14,17.715,17.715,17.715,17.715,0
2020-02-18,18.131001,18.131001,18.131001,18.131001,0
2020-02-19,18.145,18.292,18.145,18.292,56
2020-02-20,18.309,18.309,18.309,18.309,3
2020-02-21,18.565001,18.565001,18.48,18.521,11
2020-02-24,18.690001,18.868,18.690001,18.868,4
2020-02-25,18.183001,18.183001,18.183001,18.183001,0
2020-02-26,17.826,17.826,17.826,17.826,96319
2020-02-27,17.865,18.08,17.58,17.658001,13497
2020-02-28,17.690001,17.795,16.34,16.386999,709
2020-03-02,16.495001,16.975,16.389999,16.679001,518
2020-03-03,16.875,17.32,16.74,17.129,307
2020-03-04,17.190001,17.245001,17.049999,17.187,73
2020-03-05,17.155001,17.405001,17.120001,17.341999,66
2020-03-06,17.459999,17.485001,17.0,17.214001,52
2020-03-09,17.434999,17.434999,16.57,17.000999,46
2020-03-10,16.85,17.145,16.764999,16.906,97
2020-03-11,16.855,16.860001,16.639999,16.729,152
2020-03-12,16.43,16.615,15.6,15.961,51
2020-03-13,15.755,15.765,14.425,14.456,506
2020-03-16,14.885,14.885,11.85,12.772,104
2020-03-17,12.55,12.71,12.415,12.469,194
2020-03-18,12.56,12.825,11.735,11.735,184
2020-03-19,12.07,12.205,11.895,12.097,45
2020-03-20,12.08,12.86,12.08,12.349,95
2020-03-23,12.9,13.225,12.9,13.225,139
2020-03-24,13.36,14.229,13.36,14.229,176
2020-03-25,14.715,14.837,14.455,14.837,262
2020-03-26,14.83,14.845,14.64,14.64,140
2020-03-27,14.335,14.498,14.335,14.498,919
2020-03-30,14.1,14.25,13.9,14.074,612
2020-03-31,13.98,14.245,13.98,14.098,27
2020-04-01,14.08,14.1,13.9,13.926,22
2020-04-02,14.18,14.596,14.155,14.596,30
2020-04-03,14.59,14.59,14.436,14.436,6
2020-04-06,14.55,15.111,14.55,15.111,28
2020-04-07,15.465,15.6,15.422,15.422,5
2020-04-08,15.16,15.16,15.147,15.147,8
2020-04-09,15.14,15.995,15.14,15.995,15
2020-04-13,15.479,15.479,15.479,15.479,0
2020-04-14,16.01,16.072001,16.01,16.072001,4
2020-04-15,16.004999,16.004999,15.447,15.447,2
2020-04-16,15.564,15.564,15.564,15.564,0
2020-04-17,15.237,15.237,15.237,15.237,0
2020-04-20,15.556,15.556,15.556,15.556,0
2020-04-21,15.43,15.43,14.818,14.818,3
2020-04-22,15.277,15.277,15.277,15.277,1
2020-04-23,15.43,15.665,15.348,15.348,21
2020-04-24,15.254,15.254,15.254,15.254,10
2020-04-27,15.201,15.201,15.201,15.201,0
2020-04-28,15.01,15.162,14.995,15.162,28284
2020-04-29,15.215,15.47,15.125,15.16,5434
2020-04-30,15.4,15.775,14.795,14.898,1859
2020-05-01,15.005,15.045,14.855,14.863,102
2020-05-04,15.025,15.09,14.695,14.722,1228
2020-05-05,14.78,15.11,14.71,15.057,535
2020-05-06,15.0,15.3,14.875,14.987,176
2020-05-07,15.125,15.585,15.125,15.562,13
2020-05-08,15.555,15.8,15.5,15.74,59
2020-05-11,15.585,15.636,15.585,15.636,2
2020-05-12,15.687,15.687,15.687,15.687,65
2020-05-13,15.73,15.73,15.663,15.663,24
2020-05-14,16.004999,16.136,16.004999,16.136,49
2020-05-15,16.540001,17.046,16.504999,17.046,57
2020-05-18,17.219999,17.584999,17.219999,17.464001,155
2020-05-19,17.700001,17.892,17.700001,17.892,13
2020-05-20,18.025,18.040001,17.93,18.002001,25
2020-05-21,17.43,17.43,17.334999,17.334999,8
2020-05-22,17.385,17.690001,17.385,17.664,52
2020-05-26,17.885,17.885,17.555,17.565001,23
2020-05-27,17.686001,17.686001,17.686001,17.686001,103
2020-05-28,17.785,17.924999,17.785,17.895,61
2020-05-29,17.865,18.440001,17.865,18.440001,25
2020-06-01,18.785,18.815001,18.57,18.768,22
2020-06-02,18.207001,18.35,18.207001,18.207001,5
2020-06-03,17.690001,17.921,17.645,17.921,40
2020-06-04,17.85,18.024,17.85,18.024,25
2020-06-05,17.5,17.504999,17.443001,17.443001,12
2020-06-08,17.780001,17.885,17.780001,17.868,15
2020-06-09,17.83,17.83,17.715,17.774,3
2020-06-10,17.775999,17.775999,17.775999,17.775999,0
2020-06-11,18.084999,18.084999,17.83,17.868999,5
2020-06-12,17.75,17.75,17.462,17.462,13
2020-06-15,17.379,17.5,17.379,17.379,1
2020-06-16,17.545,17.75,17.48,17.632,6
2020-06-17,17.52,17.757,17.52,17.757,5
2020-06-18,17.493,17.495001,17.493,17.493,1
2020-06-19,17.832001,17.832001,17.832001,17.832001,0
2020-06-22,17.886999,17.886999,17.886999,17.886999,7
2020-06-23,18.004999,18.051001,18.004999,18.051001,4
2020-06-24,17.790001,17.815001,17.658001,17.658001,2
2020-06-25,17.764999,17.882999,17.754999,17.882999,9
2020-06-26,18.023001,18.023001,18.023001,18.023001,41651
2020-06-29,17.969999,18.15,17.825001,17.98,8797
2020-06-30,18.025,18.541,17.940001,18.541,1718
2020-07-01,18.485001,18.705,18.08,18.132999,370
2020-07-02,18.215,18.243999,17.945,18.243999,135
2020-07-06,18.225,18.645,18.209999,18.504,434
2020-07-07,18.219999,18.628,18.219999,18.628,263
2020-07-08,18.655001,19.129999,18.655001,19.080999,249
2020-07-09,19.094999,19.365,18.834999,18.882,374
2020-07-10,19.030001,19.030001,18.983,18.983,62
2020-07-13,19.155001,19.709,19.155001,19.709,58
2020-07-14,19.370001,19.465,19.254999,19.451,59
2020-07-15,19.6,19.715,19.485001,19.684999,42
2020-07-16,19.790001,19.795,19.497,19.497,12
2020-07-17,19.35,19.709999,19.35,19.684999,31
2020-07-20,20.200001,20.275,20.122999,20.124001,10
2020-07-21,20.285,21.565001,20.275,21.497,385
2020-07-22,22.65,23.305,21.895,23.083,792
2020-07-23,23.07,23.325001,22.665001,22.945,200
2020-07-24,23.065001,23.07,22.808001,22.808001,189
2020-07-27,24.325001,24.709999,24.195,24.476,599
2020-07-28,26.02,26.02,23.945,24.266001,124
2020-07-29,24.209999,24.292999,24.209999,24.292999,304
2020-07-30,24.26,24.26,23.115,23.34,183
2020-07-31,23.59,24.385,23.565001,24.188999,220
2020-08-03,24.389999,24.389999,24.389999,24.389999,51
2020-08-04,25.9,26.215,25.775,26.011999,109
2020-08-05,26.025,27.059999,26.025,26.877001,30
2020-08-06,27.684999,28.85,27.535,28.386999,79
2020-08-07,29.530001,29.530001,27.525,27.533001,37
2020-08-10,28.200001,29.249001,28.115,29.249001,8
2020-08-11,28.959999,28.959999,24.5,26.037001,27
2020-08-12,25.245001,25.955,25.245001,25.955,6
2020-08-13,26.385,27.694,26.379999,27.694,30
2020-08-14,27.225,27.684999,25.905001,26.065001,17
2020-08-17,26.735001,27.643,26.57,27.643,15
2020-08-18,27.295,28.26,27.295,28.049,13
2020-08-19,27.465,27.815001,27.315001,27.315001,10
2020-08-20,27.122,27.122,27.122,27.122,0
2020-08-21,27.475,27.475,26.707001,26.707001,23
2020-08-24,26.780001,26.780001,26.587999,26.587999,3
2020-08-25,26.785,26.785,26.254,26.254,27
2020-08-26,26.995001,27.43,26.955,27.43,13
2020-08-27,26.809999,27.165001,26.809999,27.01,131415
2020-08-28,27.120001,27.82,26.889999,27.610001,9048
2020-08-31,27.725,28.485001,27.719999,28.437,657
2020-09-01,28.35,29.049999,27.860001,28.486,494
2020-09-02,28.165001,28.27,27.225,27.249001,490
2020-09-03,27.555,27.555,26.49,26.735001,487
2020-09-04,26.799999,26.950001,26.395,26.576,614
2020-09-08,26.92,27.07,26.004999,26.864,545
2020-09-09,26.58,27.145,26.58,26.955,238
2020-09-10,27.163,27.163,27.163,27.163,66
2020-09-11,27.09,27.094999,26.739,26.739,198
2020-09-14,26.91,27.35,26.91,27.229,147
2020-09-15,27.525,27.545,27.17,27.346001,80
2020-09-16,27.32,27.485001,27.1,27.355,233
2020-09-17,27.235001,27.235001,26.52,26.985001,343
2020-09-18,27.285,27.309999,27.028,27.028,160
2020-09-21,26.33,26.33,24.075001,24.299,148
2020-09-22,24.459999,24.57,24.16,24.441999,156
2020-09-23,24.0,24.0,23.0,23.014,85
2020-09-24,22.0,23.25,21.959999,23.118,43
2020-09-25,22.75,23.017,22.73,23.017,21
2020-09-28,22.74,23.528,22.695,23.528,348
2020-09-29,23.745001,24.440001,23.65,24.379999,397
2020-09-30,24.360001,24.360001,23.355,23.433001,72
2020-10-01,23.395,24.193001,23.395,24.193001,214
2020-10-02,23.735001,24.15,23.58,23.971001,101
2020-10-05,23.834999,24.545,23.785,24.502001,206
2020-10-06,24.469999,24.469999,23.870001,23.870001,17
2020-10-07,23.495001,23.91,23.455,23.848,6
2020-10-08,24.07,24.174999,23.837,23.837,19
2020-10-09,24.32,25.235001,24.32,25.069,123
2020-10-12,25.285,25.459999,25.226,25.226,64
2020-10-13,25.09,25.110001,24.086,24.086,70
2020-10-14,24.364,24.364,24.364,24.364,46
2020-10-15,24.193001,24.193001,24.193001,24.193001,16
2020-10-16,24.23,24.368999,24.23,24.368999,204
2020-10-19,24.754999,24.815001,24.657,24.657,22
2020-10-20,24.937,24.937,24.937,24.937,24
2020-10-21,24.790001,25.295,24.790001,25.197001,16
2020-10-22,24.665001,24.665001,24.665001,24.665001,0
2020-10-23,24.627001,24.627001,24.627001,24.627001,0
2020-10-26,24.375999,24.375999,24.375999,24.375999,0
2020-10-27,24.370001,24.525999,24.32,24.525999,2
2020-10-28,23.323999,23.323999,23.323999,23.323999,182
2020-10-29,23.045,23.339001,22.959999,23.339001,27
2020-10-30,23.617001,23.617001,23.617001,23.617001,57
2020-11-02,24.014999,24.200001,24.006001,24.006001,68
2020-11-03,24.305,24.305,24.16,24.305,109
2020-11-04,23.68,24.004999,23.68,23.864,20
2020-11-05,24.799999,25.171,24.799999,25.171,79
2020-11-06,25.225,25.91,25.200001,25.646,66
2020-11-09,23.684999,23.684999,23.684999,23.684999,0
2020-11-10,24.215,24.445999,24.209999,24.445999,6
2020-11-11,23.945,24.250999,23.945,24.250999,5
2020-11-12,24.290001,24.290001,24.290001,24.290001,0
2020-11-13,24.759001,24.759001,24.759001,24.759001,0
2020-11-16,24.785999,24.785999,24.785999,24.785999,0
2020-11-17,24.76,24.76,24.635,24.635,2
2020-11-18,24.433001,24.433001,24.433001,24.433001,38
2020-11-19,24.033001,24.033001,24.033001,24.033001,0
2020-11-20,24.348,24.348,24.348,24.348,0
2020-11-23,23.624001,23.624001,23.624001,23.624001,1
2020-11-24,23.33,23.33,23.292,23.292,2
2020-11-25,23.356001,23.356001,23.356001,23.356001,57047
2020-11-27,23.375,23.504999,22.325001,22.552999,18893
2020-11-30,22.74,22.74,22.004999,22.534,1677
2020-12-01,22.665001,24.094999,22.65,24.033001,703
2020-12-02,23.915001,24.375,23.639999,24.025,303
2020-12-03,24.1,24.34,24.004999,24.087,136
2020-12-04,24.120001,24.495001,24.08,24.202999,444
2020-12-07,24.235001,24.85,23.715,24.740999,239
2020-12-08,24.754999,24.764999,24.629999,24.684,70
2020-12-09,24.655001,24.655001,23.780001,23.93,53
2020-12-10,23.945,24.309999,23.945,24.031,23
2020-12-11,23.985001,24.049999,23.955,24.032,48
2020-12-14,24.16,24.16,23.985001,23.985001,25
2020-12-15,24.075001,24.580999,24.075001,24.580999,42
2020-12-16,25.15,25.5,24.82,24.985001,151
2020-12-17,25.450001,26.18,25.450001,26.1,201
2020-12-18,26.120001,26.120001,25.948999,25.948999,105
2020-12-21,26.004999,26.99,25.41,26.278,153
2020-12-22,26.475,26.67,25.275,25.434,93
2020-12-23,25.555,25.823999,25.555,25.823999,68
2020-12-24,25.811001,25.811001,25.811001,25.811001,66
2020-12-28,26.799999,26.82,26.455,26.459999,140
2020-12-29,26.25,26.25,26.138,26.138,191
2020-12-30,26.32,26.525,26.26,26.488001,77
2020-12-31,26.530001,26.540001,26.332001,26.332001,36
2021-01-04,27.284,27.284,27.284,27.284,52
2021-01-05,27.570999,27.570999,27.570999,27.570999,4
2021-01-06,27.424999,27.424999,26.973,26.973,50
2021-01-07,27.200001,27.200001,27.200001,27.200001,3
2021-01-08,24.582001,25.325001,24.582001,24.582001,3
2021-01-11,25.52,25.52,24.725,25.239,11
2021-01-12,25.139999,25.385,25.105,25.384001,90
2021-01-13,25.545,25.545,25.5,25.52,211
2021-01-14,25.746,25.746,25.746,25.746,66
2021-01-15,25.43,25.469999,24.825001,24.825001,88
2021-01-19,24.915001,25.278999,24.915001,25.278999,4
2021-01-20,25.424999,25.733999,25.415001,25.733999,151
2021-01-21,25.822001,25.822001,25.822001,25.822001,0
2021-01-22,25.524,25.540001,25.524,25.524,10
2021-01-25,25.455,25.455,25.455,25.455,5
2021-01-26,25.528999,25.528999,25.528999,25.528999,92
2021-01-27,25.375999,25.375999,25.375999,25.375999,610
2021-01-28,25.084999,27.01,24.93,25.909,508
2021-01-29,26.639999,27.575001,26.370001,26.9,32
2021-02-01,28.360001,30.16,28.299999,29.398001,474
2021-02-02,28.645,28.93,26.384001,26.384001,91
2021-02-03,26.940001,27.025,26.860001,26.878,143
2021-02-04,26.674999,26.674999,26.004999,26.223,114
2021-02-05,26.43,27.014,26.43,27.014,58
2021-02-08,27.280001,27.57,27.280001,27.57,6
2021-02-09,27.424999,27.445,27.290001,27.396,5
2021-02-10,27.105,27.105,27.073999,27.073999,32
2021-02-11,27.17,27.17,26.91,27.042,3
2021-02-12,27.323,27.323,27.323,27.323,0
2021-02-16,27.51,27.51,27.059999,27.319,64
2021-02-17,27.313999,27.313999,27.313999,27.313999,125
2021-02-18,27.125,27.125,27.077,27.077,2
2021-02-19,27.504999,27.549999,27.252001,27.252001,8
2021-02-22,28.083,28.1,28.083,28.083,248
2021-02-23,27.686001,27.686001,27.686001,27.686001,8
2021-02-24,27.857,27.857,27.857,27.857,73500
2021-02-25,28.030001,28.264999,27.295,27.636999,13035
2021-02-26,27.455,27.559999,26.18,26.402,1205
2021-03-01,26.690001,26.99,26.49,26.646999,519
2021-03-02,26.385,26.85,25.860001,26.85,703
2021-03-03,26.805,26.805,25.934999,26.357,241
2021-03-04,26.120001,26.33,25.209999,25.434,914
2021-03-05,25.344999,25.370001,24.905001,25.257,339
2021-03-08,25.52,25.709999,25.0,25.24,76
2021-03-09,25.225,26.148001,25.225,26.148001,133
2021-03-10,26.01,26.280001,25.780001,26.101999,85
2021-03-11,26.15,26.41,26.040001,26.162001,37
2021-03-12,26.145,26.200001,25.459999,25.879999,244
2021-03-15,26.200001,26.334999,25.924999,26.253,148
2021-03-16,26.129999,26.145,25.92,25.974001,559
2021-03-17,25.805,26.530001,25.795,26.030001,379
2021-03-18,26.434999,26.434999,25.9,26.320999,81
2021-03-19,26.055,26.292,26.055,26.292,194
2021-03-22,25.955,25.955,25.540001,25.740999,147
2021-03-23,25.615,25.695,25.094999,25.200001,191
2021-03-24,25.25,25.344999,25.190001,25.201,432
2021-03-25,25.15,25.15,24.504999,25.021999,162
2021-03-26,25.184999,25.184999,25.040001,25.091999,130
2021-03-29,24.855,24.91,24.51,24.747,491
2021-03-30,24.700001,24.700001,23.965,24.121,276
2021-03-31,24.32,24.517,24.32,24.517,49
2021-04-01,24.35,24.934999,24.35,24.934999,15
2021-04-05,24.934999,24.934999,24.763,24.763,2
2021-04-06,25.049999,25.215,25.049999,25.212,3
2021-04-07,25.065001,25.25,25.065001,25.233,2
2021-04-08,25.569,25.569,25.569,25.569,121
2021-04-09,25.311001,25.311001,25.311001,25.311001,0
2021-04-12,25.145,25.165001,24.805,24.853001,55
2021-04-13,25.417,25.417,25.417,25.417,4
2021-04-14,25.514999,25.514999,25.514999,25.514999,0
2021-04-15,25.955999,25.955999,25.955999,25.955999,95
2021-04-16,26.099001,26.099001,26.099001,26.099001,0
2021-04-19,26.205,26.205,25.830999,25.830999,22
2021-04-20,25.855,25.855,25.834999,25.834999,5
2021-04-21,26.525,26.565001,26.525,26.565001,2
2021-04-22,26.34,26.34,26.174,26.174,39
2021-04-23,26.24,26.24,26.025,26.077,36
2021-04-26,26.059999,26.25,26.059999,26.211,47
2021-04-27,26.412001,26.412001,26.412001,26.412001,0
2021-04-28,26.080999,26.080999,26.080999,26.080999,62061
2021-04-29,26.280001,26.545,25.735001,26.052999,8571
2021-04-30,26.155001,26.215,25.84,25.853001,490
2021-05-03,25.875,27.075001,25.875,26.943001,283
2021-05-04,27.030001,27.040001,26.25,26.539,266
2021-05-05,26.555,26.57,26.27,26.502001,66
2021-05-06,26.559999,27.555,26.555,27.462,268
2021-05-07,27.635,27.635,27.334999,27.462,304
2021-05-10,27.709999,27.915001,27.370001,27.479,247
2021-05-11,27.285,27.68,27.280001,27.657,306
2021-05-12,27.459999,27.639999,27.231001,27.231001,33
2021-05-13,27.120001,27.145,26.855,27.044001,155
2021-05-14,27.030001,27.5,27.030001,27.353001,16
2021-05-17,28.26,28.33,28.26,28.26,61
2021-05-18,28.629999,28.68,28.313999,28.313999,52
2021-05-19,27.809999,28.007999,27.620001,28.007999,28
2021-05-20,27.92,28.052,27.719999,28.052,26
2021-05-21,28.08,28.120001,27.389999,27.473,95
2021-05-24,27.885,27.9,27.74,27.886999,85
2021-05-25,27.75,28.037001,27.67,28.037001,81
2021-05-26,27.853001,27.853001,27.853001,27.853001,744
2021-05-27,27.754999,27.92,27.695,27.919001,525
2021-05-28,27.745001,27.993,27.540001,27.993,181
2021-06-01,28.004999,28.58,27.995001,28.083,187
2021-06-02,27.93,28.186001,27.785,28.186001,35
2021-06-03,27.190001,27.459999,27.190001,27.459999,20
2021-06-04,27.879,27.879,27.879,27.879,0
2021-06-07,27.615,28.000999,27.615,28.000999,4
2021-06-08,28.01,28.01,27.705,27.715,27
2021-06-09,27.695,27.985001,27.695,27.985001,8
2021-06-10,27.9,28.025,27.709999,28.014999,6
2021-06-11,28.115,28.360001,28.115,28.131001,172
2021-06-14,27.895,28.105,27.825001,28.024,4
2021-06-15,27.985001,27.985001,27.57,27.679001,57
2021-06-16,27.799999,27.799999,27.799999,27.799999,112
2021-06-17,25.844,25.844,25.844,25.844,51
2021-06-18,26.424999,26.43,25.958,25.958,3
2021-06-21,26.014999,26.014999,26.014999,26.014999,0
2021-06-22,25.848,25.848,25.848,25.848,81
2021-06-23,26.108,26.108,26.108,26.108,8
2021-06-24,26.047001,26.047001,26.047001,26.047001,0
2021-06-25,26.174999,26.174999,26.082001,26.082001,9
2021-06-28,26.218,26.218,26.218,26.218,42308
2021-06-29,26.200001,26.209999,25.559999,25.872,20140
2021-06-30,25.84,26.23,25.84,26.165001,725
2021-07-01,26.215,26.42,26.049999,26.075001,1037
2021-07-02,26.110001,26.674999,26.105,26.481001,330
2021-07-06,26.725,26.870001,26.153999,26.153999,389
2021-07-07,26.200001,26.5,26.07,26.110001,546
2021-07-08,26.16,26.290001,25.889999,25.966999,175
2021-07-09,25.965,26.215,25.834999,26.211,64
2021-07-12,26.184999,26.299999,26.059999,26.216999,74
2021-07-13,26.205,26.205,26.1,26.115,66
2021-07-14,26.1,26.445,26.1,26.246,14
2021-07-15,26.42,26.445,26.264999,26.375,203
2021-07-16,26.43,26.43,25.65,25.777,100
2021-07-19,25.610001,25.610001,25.045,25.125999,173
2021-07-20,25.195,25.195,24.855,24.976999,48
2021-07-21,25.155001,25.238001,24.955,25.238001,61
2021-07-22,25.245001,25.365,25.24,25.365,26
2021-07-23,25.43,25.43,25.129999,25.218,88
2021-07-26,25.295,25.295,25.295,25.295,83
2021-07-27,25.200001,25.264999,24.632,24.632,54
2021-07-28,24.735001,24.856001,24.725,24.856001,551
2021-07-29,25.040001,25.855,25.040001,25.764,355
2021-07-30,25.545,25.665001,25.5,25.528,40
2021-08-02,25.450001,25.556999,25.450001,25.556999,55
2021-08-03,25.389999,25.566,25.285,25.566,8
2021-08-04,25.610001,25.969999,25.445999,25.445999,19
2021-08-05,25.52,25.52,25.277,25.277,4
2021-08-06,24.49,24.49,24.25,24.312,6
2021-08-09,23.254999,23.254999,23.254999,23.254999,2
2021-08-10,23.485001,23.485001,23.377001,23.377001,3
2021-08-11,23.474001,23.474001,23.474001,23.474001,1
2021-08-12,23.105,23.105,23.105,23.105,19
2021-08-13,23.35,23.795,23.35,23.768,3
2021-08-16,23.780001,23.780001,23.780001,23.780001,0
2021-08-17,23.648001,23.648001,23.648001,23.648001,0
2021-08-18,23.280001,23.455,23.280001,23.412001,3
2021-08-19,23.219999,23.219999,23.219999,23.219999,25
2021-08-20,23.105,23.105,23.105,23.105,13
2021-08-23,23.15,23.65,23.139999,23.649,13
2021-08-24,23.889999,23.889999,23.889999,23.889999,20
2021-08-25,23.834999,23.834999,23.771,23.771,19
2021-08-26,23.545,23.555,23.545,23.546,4
2021-08-27,23.73,24.059999,23.715,24.059999,63309
2021-08-30,24.045,24.219999,23.905001,23.959999,10816
2021-08-31,24.059999,24.195,23.815001,23.959999,728
2021-09-01,23.85,24.254999,23.790001,24.177,521
2021-09-02,24.16,24.18,23.775,23.875,184
2021-09-03,23.905001,24.809999,23.905001,24.761999,193
2021-09-07,24.809999,24.809999,24.184999,24.334,32
2021-09-08,24.355,24.4,23.940001,24.011999,105
2021-09-09,23.955,24.24,23.844999,24.132999,104
2021-09-10,24.135,24.135,23.855,23.855,13
2021-09-13,23.690001,23.754999,23.325001,23.753,184
2021-09-14,23.66,23.85,23.639999,23.841999,82
2021-09-15,23.799999,23.799999,23.759001,23.759001,25
2021-09-16,23.514999,23.514999,22.610001,22.752001,75
2021-09-17,22.889999,22.905001,22.295,22.295,74
2021-09-20,22.375,22.375,22.139999,22.163,132
2021-09-21,22.525,22.573,22.469999,22.573,55
2021-09-22,22.799999,23.045,22.799999,22.868999,3
2021-09-23,22.65,22.65,22.642,22.642,22
2021-09-24,22.584999,22.584999,22.09,22.388,15
2021-09-27,22.605,23.735001,22.605,22.657,131
2021-09-28,22.174999,22.459999,22.174999,22.43,278
2021-09-29,22.43,22.514999,21.459,21.459,70
2021-09-30,22.035,22.035,22.021,22.021,36
2021-10-01,22.51,22.51,22.51,22.51,1
2021-10-04,22.618,22.618,22.618,22.618,5
2021-10-05,22.582001,22.582001,22.582001,22.582001,10
2021-10-06,22.475,22.506001,22.375,22.506001,135
2021-10-07,22.632,22.632,22.632,22.632,91
2021-10-08,22.57,23.004999,22.57,22.679001,62
2021-10-11,22.639999,22.639999,22.639999,22.639999,0
2021-10-12,22.57,22.575001,22.490999,22.490999,5
2021-10-13,23.149,23.149,23.149,23.149,1
2021-10-14,23.459999,23.459999,23.455999,23.455999,28
2021-10-15,23.327999,23.327999,23.327999,23.327999,0
2021-10-18,23.280001,23.280001,23.215,23.243,16
2021-10-19,24.07,24.07,23.862,23.862,2
2021-10-20,24.424,24.424,24.424,24.424,151
2021-10-21,24.48,24.48,24.139999,24.15,100
2021-10-22,24.429001,24.429001,24.370001,24.429001,2
2021-10-25,24.575001,24.575001,24.572001,24.572001,49
2021-10-26,24.086,24.086,24.086,24.086,37
2021-10-27,24.16,24.188999,24.16,24.188999,51
2021-10-28,24.209999,24.245001,24.117001,24.117001,12
2021-10-29,23.799999,23.945,23.799999,23.945,36
2021-11-01,24.0,24.1,24.0,24.063999,33
2021-11-02,23.5,23.5,23.5,23.5,21
2021-11-03,23.57,23.58,23.225,23.226,24
2021-11-04,23.690001,23.906,23.690001,23.906,15
2021-11-05,23.844999,24.235001,23.834999,24.152,21
2021-11-08,24.275,24.555,24.275,24.537001,23
2021-11-09,24.313,24.313,24.313,24.313,0
2021-11-10,24.767,24.767,24.767,24.767,5
2021-11-11,25.299999,25.301001,25.295,25.301001,23
2021-11-12,25.344999,25.41,24.924999,25.344,15
2021-11-15,25.24,25.285,25.065001,25.107,156
2021-11-16,25.004999,25.004999,24.875,24.944,122
2021-11-17,24.879999,25.209999,24.879999,25.167,20
2021-11-18,25.155001,25.209999,24.82,24.900999,165
2021-11-19,24.870001,24.875,24.780001,24.780001,107
2021-11-22,24.540001,24.540001,24.190001,24.297001,42
2021-11-23,23.4,23.605,23.4,23.434999,23
2021-11-24,23.496,23.496,23.496,23.496,3
2021-11-26,23.107,23.107,23.107,23.107,61278
2021-11-29,23.135,23.415001,22.73,22.799,10390
2021-11-30,22.885,23.26,22.705,22.764999,2513
2021-12-01,22.77,22.995001,22.155001,22.299,488
2021-12-02,22.295,22.4,22.24,22.280001,127
2021-12-03,22.41,22.469999,22.040001,22.445,197
2021-12-06,22.49,22.49,22.1,22.228001,85
2021-12-07,22.385,22.559999,22.375,22.487,52
2021-12-08,22.43,22.445,22.309999,22.389999,268
2021-12-09,22.280001,22.285,21.889999,21.974001,32
2021-12-10,21.885,22.165001,21.799999,22.16,18
2021-12-13,22.245001,22.290001,22.129999,22.290001,7
2021-12-14,22.25,22.25,21.66,21.886999,3
2021-12-15,21.5,21.639999,21.5,21.507999,5
2021-12-16,22.135,22.455,22.120001,22.455,88
2021-12-17,22.450001,22.507,22.450001,22.507,31
2021-12-20,22.299999,22.370001,22.275,22.275,87
2021-12-21,22.225,22.74,22.225,22.502001,188
2021-12-22,22.465,22.792,22.465,22.792,190
2021-12-23,22.809999,22.931,22.719999,22.931,419
2021-12-27,22.68,22.98,22.68,22.979,3
2021-12-28,23.055,23.295,23.055,23.111,154
2021-12-29,23.004999,23.004999,22.635,22.848,264
2021-12-30,22.775,23.084999,22.620001,23.028,194
2021-12-31,23.225,23.327999,23.200001,23.327999,86
2022-01-03,23.309999,23.309999,22.790001,22.790001,31
2022-01-04,22.955,23.038,22.955,23.038,7
2022-01-05,23.139999,23.15,22.785,23.15,437
2022-01-06,22.764999,22.799999,22.049999,22.174,103
2022-01-07,22.393999,22.393999,22.393999,22.393999,17
2022-01-10,22.355,22.49,22.355,22.445999,377
2022-01-11,22.59,22.806,22.59,22.806,155
2022-01-12,23.200001,23.200001,23.200001,23.200001,1
2022-01-13,23.155001,23.155001,23.155001,23.155001,0
2022-01-14,22.910999,23.0,22.9,22.910999,36
2022-01-18,23.4,23.487,23.4,23.487,207
2022-01-19,24.226,24.226,24.226,24.226,3
2022-01-20,24.711,24.711,24.711,24.711,21
2022-01-21,24.313999,24.313999,24.313999,24.313999,17
2022-01-24,23.795,23.795,23.795,23.795,0
2022-01-25,23.945,23.945,23.684999,23.896,100
2022-01-26,23.806999,23.806999,23.806999,23.806999,46
2022-01-27,23.030001,23.030001,22.673,22.673,102
2022-01-28,22.809999,22.809999,22.302,22.302,38
2022-01-31,22.34,22.514999,22.34,22.395,57
2022-02-01,22.495001,23.0,22.495001,22.596001,411
2022-02-02,22.809999,22.82,22.610001,22.711,135
2022-02-03,22.545,22.565001,22.375,22.375,74
2022-02-04,22.530001,22.530001,22.475,22.475,42
2022-02-07,23.055,23.08,23.055,23.076,11
2022-02-08,23.195,23.23,23.195,23.195,9
2022-02-09,23.336,23.336,23.336,23.336,40
2022-02-10,23.518999,23.518999,23.518999,23.518999,182
2022-02-11,23.17,23.365999,23.15,23.365999,26
2022-02-14,23.915001,23.915001,23.83,23.844999,44
2022-02-15,23.165001,23.337999,23.165001,23.337999,41
2022-02-16,23.601,23.601,23.601,23.601,11
2022-02-17,23.874001,23.874001,23.874001,23.874001,101
2022-02-18,24.0,24.0,23.924999,23.990999,170
2022-02-22,24.209999,24.311001,24.209999,24.311001,175
2022-02-23,24.555,24.555,24.555,24.555,20
2022-02-24,25.355,25.389999,24.686001,24.686001,107560
2022-02-25,24.32,24.525,23.9,23.997,13916
2022-02-28,24.549999,24.855,24.280001,24.361,788
2022-03-01,24.450001,25.565001,24.34,25.534,409
2022-03-02,25.309999,25.41,25.030001,25.183001,893
2022-03-03,25.305,25.540001,25.139999,25.205,147
2022-03-04,25.295,25.834999,25.254999,25.782,838
2022-03-07,26.155001,26.285,25.712999,25.712999,526
2022-03-08,25.85,27.309999,25.645,26.888,1151
2022-03-09,26.9,26.9,25.757,25.757,757
2022-03-10,26.030001,26.202,25.59,26.202,68
2022-03-11,26.035,26.200001,25.92,26.106001,91
2022-03-14,25.950001,25.950001,25.243999,25.243999,322
2022-03-15,24.885,25.122999,24.885,25.122999,25
2022-03-16,24.975,25.07,24.6,24.67,71
2022-03-17,25.200001,25.639999,25.200001,25.584,30
2022-03-18,25.41,25.41,25.049999,25.055,8
2022-03-21,25.174999,25.370001,25.165001,25.282,6
2022-03-22,25.195,25.195,24.764999,24.885,48
2022-03-23,25.0,25.27,25.0,25.17,26
2022-03-24,25.455,25.905001,25.455,25.9,68
2022-03-25,25.825001,25.965,25.594999,25.594999,59
2022-03-28,25.184999,25.209999,25.030001,25.176001,22
2022-03-29,24.254999,24.716,24.254999,24.716,312
2022-03-30,25.129999,25.225,25.014999,25.103001,109
2022-03-31,24.875,25.121,24.875,25.121,26
2022-04-01,24.860001,24.870001,24.642,24.642,3
2022-04-04,24.434999,24.584,24.434999,24.584,94
2022-04-05,24.635,24.635,24.42,24.528,88
2022-04-06,24.385,24.459999,24.34,24.455,17
2022-04-07,24.545,24.733,24.459999,24.733,83
2022-04-08,24.819,24.924999,24.819,24.819,13
2022-04-11,25.514999,25.514999,24.978001,24.978001,46
2022-04-12,25.219999,25.775,25.219999,25.725,22
2022-04-13,25.620001,26.025,25.620001,26.02,120
2022-04-14,25.690001,25.690001,25.690001,25.690001,61
2022-04-18,26.139999,26.139999,26.139999,26.139999,0
2022-04-19,26.035,26.035,25.391001,25.391001,30
2022-04-20,25.215,25.27,25.215,25.27,7
2022-04-21,25.280001,25.280001,24.621,24.621,52
2022-04-22,24.725,24.725,24.215,24.257,17
2022-04-25,23.667999,23.667999,23.667999,23.667999,11
2022-04-26,23.542,23.594999,23.542,23.542,4
2022-04-27,23.458,23.458,23.458,23.458,37579
2022-04-28,23.309999,23.41,22.895,23.129,8170
2022-04-29,23.225,23.535,22.735001,23.040001,1021
2022-05-02,22.715,22.83,22.120001,22.544001,273
2022-05-03,22.639999,22.785,22.475,22.621,167
2022-05-04,22.584999,23.02,22.315001,22.362,225
2022-05-05,23.120001,23.245001,22.370001,22.4,768
2022-05-06,22.280001,22.485001,22.09,22.325001,363
2022-05-09,22.17,22.190001,21.665001,21.782,693
2022-05-10,21.985001,22.0,21.24,21.389999,701
2022-05-11,21.415001,21.805,21.309999,21.549999,434
2022-05-12,21.48,21.575001,20.655001,20.757,196
2022-05-13,20.639999,21.115,20.639999,20.983999,35
2022-05-16,21.094999,21.605,21.084999,21.535,211
2022-05-17,21.655001,21.737,21.555,21.737,197
2022-05-18,21.674999,21.674999,21.389999,21.533001,107
2022-05-19,21.434999,21.898001,21.424999,21.898001,100
2022-05-20,21.669001,21.669001,21.669001,21.669001,23
2022-05-23,21.834999,22.205,21.723,21.723,373
2022-05-24,22.063,22.065001,22.035,22.063,101
2022-05-25,21.865,21.969999,21.83,21.860001,97
2022-05-26,21.941,21.941,21.941,21.941,206
2022-05-27,22.01,22.395,22.01,22.059999,105
2022-05-31,21.6,21.674999,21.6,21.650999,46
2022-06-01,21.495001,21.884001,21.485001,21.884001,30
2022-06-02,21.83,22.325001,21.825001,22.254,23
2022-06-03,22.405001,22.41,21.889999,21.889999,33
2022-06-06,22.073999,22.073999,22.073999,22.073999,3
2022-06-07,22.025,22.159,22.025,22.159,3
2022-06-08,21.99,22.09,21.99,22.073999,33
2022-06-09,22.055,22.065001,21.725,21.797001,17
2022-06-10,21.700001,21.92,21.700001,21.913,13
2022-06-13,21.65,21.65,21.055,21.236,61
2022-06-14,21.02,21.055,20.905001,20.936001,21
2022-06-15,20.985001,21.465,20.985001,21.402,27
2022-06-16,21.695,21.924999,21.379999,21.867001,38
2022-06-17,21.870001,21.879999,21.573,21.573,17
2022-06-21,21.799999,21.799999,21.745001,21.754,7
2022-06-22,21.594999,21.594999,21.395,21.407,12
2022-06-23,21.379999,21.379999,21.032,21.032,7
2022-06-24,20.965,21.174999,20.950001,21.115999,41
2022-06-27,21.295,21.33,21.15,21.159,15
2022-06-28,21.174999,21.184999,20.797001,20.797001,42010
2022-06-29,20.805,20.995001,20.545,20.667999,5690
2022-06-30,20.665001,20.705,20.145,20.282,643
2022-07-01,20.165001,20.184999,19.264999,19.597,630
2022-07-05,19.809999,20.07,19.040001,19.052,205
2022-07-06,19.190001,19.195,18.84,19.084999,159
2022-07-07,19.1,19.360001,19.094999,19.122,103
2022-07-08,19.0,19.219999,19.0,19.167,99
2022-07-11,19.165001,19.165001,19.040001,19.066999,33
2022-07-12,18.799999,18.899,18.77,18.899,214
2022-07-13,18.809999,19.174999,18.785,19.138,261
2022-07-14,19.1,19.1,18.0,18.169001,382
2022-07-15,18.225,18.555,18.225,18.548,218
2022-07-18,18.809999,18.825001,18.59,18.791,15
2022-07-19,18.615,18.709999,18.52,18.67,101
2022-07-20,18.655001,18.940001,18.605,18.639,305
2022-07-21,18.555,18.719999,18.110001,18.687,144
2022-07-22,18.709999,18.75,18.49,18.584999,125
2022-07-25,18.41,18.6,18.184999,18.294001,399
2022-07-26,18.465,18.565001,18.325001,18.487,148
2022-07-27,18.495001,18.552999,18.485001,18.552999,239
2022-07-28,19.02,19.940001,19.02,19.827,181
2022-07-29,19.99,20.290001,19.99,20.156,13
2022-08-01,20.280001,20.4,20.184999,20.322001,37
2022-08-02,20.1,20.395,19.945,20.105,22
2022-08-03,19.879999,20.02,19.785,19.865,67
2022-08-04,19.985001,20.105,19.959999,20.099001,27
2022-08-05,20.135,20.135,19.819,19.819,10
2022-08-08,20.591999,20.591999,20.591999,20.591999,0
2022-08-09,20.620001,20.655001,20.458,20.458,28
2022-08-10,20.52,20.719999,20.52,20.718,18
2022-08-11,20.415001,20.469999,20.326,20.326,10
2022-08-12,20.677,20.677,20.677,20.677,7
2022-08-15,20.250999,20.250999,20.250999,20.250999,12
2022-08-16,19.950001,20.1,19.950001,20.065001,21
2022-08-17,20.084999,20.09,19.65,19.711,12
2022-08-18,19.719999,19.725,19.445,19.448,7
2022-08-19,19.129999,19.129999,19.058001,19.058001,9
2022-08-22,18.84,18.915001,18.799999,18.872999,42
2022-08-23,18.885,19.1,18.705,19.011999,64
2022-08-24,18.834999,19.040001,18.82,18.895,29
2022-08-25,19.045,19.111,19.035,19.111,2
2022-08-26,19.305,19.305,18.74,18.74,2
2022-08-29,18.52,18.555,18.52,18.555,33392
2022-08-30,18.565001,18.584999,18.120001,18.159,5841
2022-08-31,18.16,18.24,17.705,17.761999,618
2022-09-01,17.715,17.715,17.32,17.551001,230
2022-09-02,17.530001,18.0,17.530001,17.775999,289
2022-09-06,18.1,18.105,17.790001,17.795,100
2022-09-07,18.136999,18.24,18.136999,18.136999,60
2022-09-08,18.290001,18.455,18.235001,18.33,177
2022-09-09,18.355,18.67,18.355,18.658001,46
2022-09-12,19.315001,19.889999,19.315001,19.754999,183
2022-09-13,19.725,19.75,19.205,19.389999,28
2022-09-14,19.184999,19.530001,19.184999,19.471001,47
2022-09-15,19.514999,19.52,19.025,19.174999,62
2022-09-16,18.875,19.504999,18.735001,19.296,56
2022-09-19,19.273001,19.273001,19.273001,19.273001,2
2022-09-20,19.5,19.5,19.101999,19.101999,39
2022-09-21,19.375,19.584999,19.33,19.410999,136
2022-09-22,19.370001,19.594999,19.334999,19.548,278
2022-09-23,19.51,19.51,18.780001,18.841,36
2022-09-26,18.73,18.85,18.406,18.406,94
2022-09-27,18.525,18.525,18.257,18.257,36
2022-09-28,18.475,18.796,18.469999,18.796,77
2022-09-29,18.764999,18.764999,18.525,18.611,174
2022-09-30,18.844999,18.969999,18.825001,18.959999,10
2022-10-03,20.17,20.705,20.17,20.518999,49
2022-10-04,20.82,21.115,20.82,21.037001,142
2022-10-05,20.795,20.795,20.129999,20.479,41
2022-10-06,20.610001,20.66,20.42,20.594999,45
2022-10-07,20.58,20.725,20.17,20.191999,48
2022-10-10,19.690001,19.83,19.52,19.556,43
2022-10-11,19.344999,19.52,19.059999,19.427,63
2022-10-12,19.084999,19.110001,18.785,18.878,30
2022-10-13,18.945,18.955,18.775,18.858,13
2022-10-14,18.93,18.93,18.014999,18.014999,62
2022-10-17,18.625,18.674,18.625,18.674,119
2022-10-18,18.59,18.825001,18.525,18.570999,38
2022-10-19,18.684999,18.684999,18.295,18.336,45
2022-10-20,18.389999,18.844999,18.375,18.666,79
2022-10-21,18.57,19.315001,18.290001,19.042999,24
2022-10-24,19.174,19.190001,19.174,19.174,8
2022-10-25,18.915001,19.35,18.91,19.339001,13
2022-10-26,19.465,19.584999,19.465,19.48,40
2022-10-27,19.635,19.635,19.450001,19.478001,42
2022-10-28,19.5,19.52,19.025,19.146999,26
2022-10-31,19.200001,19.200001,18.969999,19.125,8
2022-11-01,19.125,19.690001,19.125,19.673,18
2022-11-02,19.780001,19.865,19.575001,19.6,21
2022-11-03,19.235001,19.436001,18.959999,19.436001,20
2022-11-04,19.98,20.934999,19.950001,20.790001,51
2022-11-07,20.575001,21.0,20.450001,20.898001,127
2022-11-08,20.68,21.625,20.68,21.476999,27
2022-11-09,21.59,21.59,21.065001,21.298,59
2022-11-10,21.059999,21.780001,21.049999,21.677,108
2022-11-11,21.584999,21.646,21.514999,21.646,71
2022-11-14,21.865,22.1,21.855,22.091999,13
2022-11-15,22.030001,22.055,21.450001,21.499001,32
2022-11-16,21.625,21.945,21.504,21.504,15
2022-11-17,20.955,20.955,20.955,20.955,20
2022-11-18,20.976,20.976,20.976,20.976,30
2022-11-21,20.65,20.849001,20.639999,20.849001,58
2022-11-22,21.075001,21.094999,20.955,21.034,70
2022-11-23,21.084999,21.59,21.084999,21.357,34
2022-11-25,21.355,21.445,21.355,21.424999,15
2022-11-28,20.91,20.91,20.91,20.91,59036
2022-11-29,20.889999,21.4,20.844999,21.204,6934
2022-11-30,21.17,22.145,21.165001,21.549999,693
2022-12-01,22.25,22.76,22.07,22.636999,1001
2022-12-02,22.77,23.219999,22.379999,23.038,578
2022-12-05,23.190001,23.459999,22.184999,22.198999,319
2022-12-06,22.225,22.48,22.0,22.122999,79
2022-12-07,22.605,22.775,22.5,22.709999,133
2022-12-08,22.684999,23.063,22.575001,23.063,378
2022-12-09,23.120001,23.705,23.120001,23.535,132
2022-12-12,23.42,23.514999,23.219999,23.219999,18
2022-12-13,23.325001,24.155001,23.325001,23.801001,83
2022-12-14,23.754999,24.08,23.5,23.945999,259
2022-12-15,23.945,23.945,23.040001,23.128,128
2022-12-16,23.1,23.215,23.055,23.150999,34
2022-12-19,23.028999,23.028999,22.945,23.028999,8
2022-12-20,23.084999,24.17,23.084999,24.094,22
2022-12-21,24.02,24.084999,24.02,24.035,48
2022-12-22,24.049999,24.049999,23.455,23.476,37
2022-12-23,23.715,23.879999,23.610001,23.764,31
2022-12-27,24.115,24.139999,24.040001,24.040001,133
2022-12-28,24.075001,24.094999,23.584999,23.663,372
2022-12-29,23.584999,24.077999,23.58,24.077999,274
2022-12-30,24.055,24.155001,23.862,23.862,28
2023-01-03,24.455,24.530001,23.98,24.059,148
2023-01-04,24.084999,24.105,23.75,23.792,24
2023-01-05,23.5,23.5,23.145,23.257999,8
2023-01-06,23.295,23.822001,23.290001,23.822001,6
2023-01-09,23.712,23.712,23.712,23.712,2
2023-01-10,23.43,23.507,23.424999,23.507,4
2023-01-11,23.549999,23.805,23.184999,23.327,9
2023-01-12,23.805,23.863001,23.805,23.863001,33
2023-01-13,23.889999,24.231001,23.5,24.231001,30
2023-01-17,24.309999,24.315001,23.944,23.944,118
2023-01-18,24.25,24.26,23.530001,23.530001,19
2023-01-19,23.754,23.754,23.754,23.754,18
2023-01-20,23.83,23.83,23.83,23.83,0
2023-01-23,23.08,23.452,22.85,23.452,8
2023-01-24,23.434999,23.705,23.25,23.649,7
2023-01-25,23.684999,23.945,23.620001,23.839001,21
2023-01-26,23.995001,24.184999,23.780001,23.93,11
2023-01-27,23.527,23.527,23.527,23.527,184
2023-01-30,23.695,23.790001,23.645,23.645,45
2023-01-31,23.555,23.747999,23.055,23.747999,28
2023-02-01,23.52,23.834999,23.51,23.521,12
2023-02-02,24.195,24.459999,23.534,23.534,97
2023-02-03,22.5,22.5,22.334,22.334,4
2023-02-06,22.235001,22.24,22.177,22.177,542
2023-02-07,22.117001,22.117001,22.117001,22.117001,0
2023-02-08,22.165001,22.367001,22.165001,22.367001,9
2023-02-09,22.097,22.097,21.945,22.097,21
2023-02-10,22.110001,22.110001,21.99,22.034,25
2023-02-13,21.780001,21.975,21.780001,21.818001,54
2023-02-14,21.99,21.99,21.841999,21.841999,4
2023-02-15,21.84,21.844999,21.546,21.546,11
2023-02-16,21.625,21.684999,21.545,21.684,26
2023-02-17,21.695,21.725,21.694,21.694,4
2023-02-21,21.969999,21.969999,21.855,21.868999,8
2023-02-22,21.879999,21.885,21.660999,21.660999,6
2023-02-23,21.51,21.57,21.299,21.299,25
2023-02-24,21.33,21.33,20.806,20.806,53878
2023-02-27,20.75,20.82,20.514999,20.67,7500
2023-02-28,20.639999,21.01,20.475,20.961,513
2023-03-01,20.879999,21.15,20.879999,20.959,577
2023-03-02,20.915001,20.915001,20.735001,20.766001,109
2023-03-03,21.0,21.219999,20.924999,21.093,172
2023-03-06,21.174999,21.219999,20.98,20.983999,120
2023-03-07,20.985001,20.985001,19.99,20.054001,57
2023-03-08,20.035,20.139999,19.83,20.004999,82
2023-03-09,20.01,20.030001,20.01,20.025,7
2023-03-10,20.375,20.375,20.375,20.375,48
2023-03-13,20.690001,21.792999,20.690001,21.792999,15
2023-03-14,21.51,21.929001,21.5,21.929001,60
2023-03-15,21.6,22.08,21.6,21.774,15
2023-03-16,21.855,21.860001,21.58,21.587999,53
2023-03-17,21.75,22.351,21.75,22.351,58
2023-03-20,22.629999,22.719999,22.415001,22.533001,9
2023-03-21,22.57,22.6,22.205,22.323999,58
2023-03-22,22.68,23.065001,22.65,22.674999,22
2023-03-23,23.143999,23.143999,23.143999,23.143999,0
2023-03-24,23.247,23.247,23.247,23.247,15
2023-03-27,23.054001,23.054001,23.054001,23.054001,0
2023-03-28,23.094999,23.323999,23.094999,23.323999,36
2023-03-29,23.375999,23.375999,23.375999,23.375999,188
2023-03-30,23.985001,23.985001,23.605,23.902,93
2023-03-31,23.870001,24.165001,23.870001,24.076,34
2023-04-03,23.725,24.07,23.695,23.941,26
2023-04-04,24.415001,25.084999,24.415001,25.021999,24
2023-04-05,25.115,25.145,24.790001,24.962999,74
2023-04-06,24.67,25.030001,24.67,25.025,0
2023-04-10,24.85,24.85,24.846001,24.846001,8
2023-04-11,24.959999,25.16,24.959999,25.131001,16
2023-04-12,25.165001,25.584999,25.165001,25.403999,14
2023-04-13,25.540001,25.950001,25.540001,25.874001,12
2023-04-14,25.799999,25.9,25.34,25.424,28
2023-04-17,25.052999,25.052999,25.052999,25.052999,0
2023-04-18,25.18,25.299999,25.16,25.247999,44
2023-04-19,24.805,25.365999,24.805,25.365999,33
2023-04-20,25.23,25.368,25.225,25.368,2
2023-04-21,25.165001,25.18,25.052999,25.052999,19
2023-04-24,25.049999,25.306,25.025,25.306,2
2023-04-25,25.195,25.195,24.75,24.877001,4
2023-04-26,25.129999,25.129999,24.871,24.871,64251
2023-04-27,24.975,25.209999,24.565001,24.983,8978
2023-04-28,24.955,25.110001,24.785,24.999001,1039
2023-05-01,25.07,25.959999,25.009001,25.009001,452
2023-05-02,24.735001,25.52,24.6,25.403999,127
2023-05-03,25.424999,25.594999,25.190001,25.476,256
2023-05-04,25.754999,26.08,25.58,26.035,110
2023-05-05,26.200001,26.200001,25.264999,25.743,113
2023-05-08,25.719999,25.719999,25.636,25.636,175
2023-05-09,25.5,25.715,25.445,25.698,130
2023-05-10,25.58,25.975,25.370001,25.461,92
2023-05-11,25.18,25.215,24.17,24.254999,298
2023-05-12,23.780001,24.209999,23.780001,23.992001,26
2023-05-15,24.065001,24.139999,23.915001,24.127001,96
2023-05-16,23.91,24.025,23.737,23.737,9
2023-05-17,23.58,23.815001,23.58,23.752001,20
2023-05-18,23.465,23.58,23.375,23.495001,123
2023-05-19,23.92,23.950001,23.92,23.92,64
2023-05-22,23.674999,23.715,23.674999,23.715,27
2023-05-23,23.5,23.629999,23.15,23.474001,176
2023-05-24,23.434999,23.48,23.065001,23.115,13
2023-05-25,22.870001,22.985001,22.785999,22.785999,23
2023-05-26,23.129999,23.24,23.115,23.24,282
2023-05-30,23.285,23.370001,22.93,23.125,687
2023-05-31,23.33,23.58,23.33,23.474001,13
2023-06-01,23.875,23.875,23.875,23.875,92
2023-06-02,23.84,23.84,23.643,23.643,6
2023-06-05,23.534,23.534,23.534,23.534,0
2023-06-06,23.573999,23.573999,23.573999,23.573999,62
2023-06-07,23.438999,23.438999,23.438999,23.438999,0
2023-06-08,23.52,24.264,23.52,24.264,4
2023-06-09,24.389999,24.389999,24.334,24.334,3
2023-06-12,24.285,24.285,23.985001,23.985001,1
2023-06-13,23.756001,23.756001,23.756001,23.756001,0
2023-06-14,24.044001,24.044001,24.044001,24.044001,0
2023-06-15,23.891001,23.891001,23.891001,23.891001,1
2023-06-16,24.076,24.076,24.076,24.076,0
2023-06-20,23.193001,23.193001,23.193001,23.193001,0
2023-06-21,22.774,22.774,22.774,22.774,0
2023-06-22,22.436001,22.436001,22.436001,22.436001,3
2023-06-23,22.327999,22.327999,22.327999,22.327999,0
2023-06-26,22.805,22.85,22.805,22.805,6
2023-06-27,22.938999,22.938999,22.938999,22.938999,1
2023-06-28,22.865,22.868,22.865,22.868,34711
2023-06-29,22.745001,22.905001,22.299999,22.591,6994
2023-06-30,22.530001,22.809999,22.344999,22.809999,544
2023-07-03,22.764999,23.004999,22.705,22.896,305
2023-07-05,22.92,23.315001,22.92,23.197001,236
2023-07-06,23.155001,23.24,22.686001,22.686001,81
2023-07-07,22.860001,23.110001,22.860001,23.091999,44
2023-07-10,23.049999,23.150999,22.76,23.150999,126
2023-07-11,23.225,23.305,23.086,23.086,371
2023-07-12,23.139999,24.118999,23.139999,24.118999,145
2023-07-13,24.299999,24.815001,24.299999,24.768,138
2023-07-14,24.91,25.014,24.799999,25.014,54
2023-07-17,24.92,24.92,24.84,24.844,16
2023-07-18,24.965,25.1,24.965,25.084,657
2023-07-19,25.25,25.25,25.045,25.219,7
2023-07-20,25.280001,25.280001,24.805,24.805,215
2023-07-21,24.698,24.698,24.698,24.698,0
2023-07-24,24.436001,24.436001,24.436001,24.436001,10
2023-07-25,24.545,24.735001,24.545,24.68,65
2023-07-26,24.605,24.825001,24.605,24.825001,15
2023-07-27,24.236,24.236,24.236,24.236,96
2023-07-28,24.23,24.370001,24.215,24.370001,78
2023-07-31,24.209999,24.854,24.209999,24.854,169
2023-08-01,24.58,24.58,24.184999,24.208,11
2023-08-02,24.15,24.15,23.754,23.754,8
2023-08-03,23.584999,23.610001,23.43,23.586,56
2023-08-04,23.6,23.625,23.375,23.617001,62
2023-08-07,23.475,23.475,23.07,23.142,50
2023-08-08,22.959999,22.965,22.716999,22.716999,5
2023-08-09,22.65,22.65,22.65,22.65,5
2023-08-10,22.746,22.746,22.746,22.746,5
2023-08-11,22.674,22.674,22.674,22.674,5
2023-08-14,22.405001,22.643999,22.405001,22.643999,21
2023-08-15,22.455,22.594999,22.455,22.594999,11
2023-08-16,22.655001,22.655001,22.48,22.48,7
2023-08-17,22.6,22.955,22.6,22.67,27
2023-08-18,22.695,22.695,22.695,22.695,0
2023-08-21,22.785,23.304001,22.785,23.304001,3
2023-08-22,23.344999,23.42,23.344999,23.42,2
2023-08-23,24.363001,24.363001,24.363001,24.363001,2
2023-08-24,24.285,24.309999,24.211,24.211,6
2023-08-25,24.08,24.219999,24.08,24.219999,11
2023-08-28,24.238001,24.238001,24.238001,24.238001,11
2023-08-29,24.777,24.777,24.777,24.777,52924
2023-08-30,24.780001,25.059999,24.57,24.733999,7105
2023-08-31,24.665001,24.700001,24.450001,24.472,738
2023-09-01,24.49,24.84,24.205,24.232,229
2023-09-05,24.205,24.325001,23.535,23.558001,150
2023-09-06,23.514999,23.620001,23.135,23.205999,357
2023-09-07,23.09,23.125,22.905001,22.950001,97
2023-09-08,23.105,23.145,22.892,22.892,28
2023-09-11,22.924999,23.139999,22.924999,23.103001,138
2023-09-12,22.945,23.127001,22.93,23.127001,59
2023-09-13,22.825001,22.915001,22.82,22.912001,10
2023-09-14,22.615,22.747999,22.58,22.747999,42
2023-09-15,22.709999,23.184999,22.709999,23.125999,34
2023-09-18,23.232,23.232,23.232,23.232,8
2023-09-19,23.194,23.194,23.194,23.194,0
2023-09-20,23.35,23.579,23.35,23.579,1
2023-09-21,23.030001,23.444,23.030001,23.444,64
2023-09-22,23.700001,23.700001,23.596001,23.596001,28
2023-09-25,23.59,23.610001,23.145,23.145,66
2023-09-26,22.950001,22.950001,22.950001,22.950001,1
2023-09-27,22.476999,22.476999,22.476999,22.476999,421
2023-09-28,22.549999,22.615,22.4,22.514999,120
2023-09-29,22.775,23.459999,22.236,22.236,120
2023-10-02,22.165001,22.174999,21.218,21.218,131
2023-10-03,20.98,21.177999,20.785,21.177999,34
2023-10-04,21.184999,21.184999,20.76,20.955999,30
2023-10-05,21.075001,21.075001,20.848,20.848,117
2023-10-06,20.985001,21.540001,20.924999,21.540001,15
2023-10-09,21.740999,21.740999,21.740999,21.740999,0
2023-10-10,21.85,21.860001,21.715,21.775999,12
2023-10-11,21.957001,21.957001,21.957001,21.957001,3
2023-10-12,22.07,22.195,21.792,21.792,20
2023-10-13,22.475,22.726999,22.475,22.726999,13
2023-10-16,22.605,22.610001,22.605,22.610001,2
2023-10-17,22.700001,22.863001,22.65,22.863001,22
2023-10-18,22.790001,22.944,22.764999,22.944,8
2023-10-19,22.77,22.886999,22.77,22.886999,9
2023-10-20,23.559999,23.629999,23.351,23.351,7
2023-10-23,23.225,23.24,23.072001,23.072001,5
2023-10-24,22.85,22.98,22.85,22.98,2
2023-10-25,22.780001,22.877001,22.58,22.877001,6
2023-10-26,22.975,22.99,22.787001,22.787001,14
2023-10-27,22.77,22.77,22.77,22.77,68
2023-10-30,23.16,23.565001,23.094999,23.282,208
2023-10-31,23.295,23.305,22.841,22.841,85
2023-11-01,22.645,23.01,22.639999,22.684999,68
2023-11-02,22.750999,22.750999,22.750999,22.750999,31
2023-11-03,23.201,23.201,23.201,23.201,16
2023-11-06,23.149,23.149,23.149,23.149,5
2023-11-07,22.775,22.775,22.504999,22.507999,42
2023-11-08,22.33,22.74,22.33,22.646999,95
2023-11-09,22.52,22.924999,22.504999,22.830999,73
2023-11-10,22.620001,22.620001,22.215,22.215,33
2023-11-13,22.084999,22.299,22.01,22.299,4
2023-11-14,22.334999,23.165001,22.26,23.079,282
2023-11-15,23.485001,23.485001,23.485001,23.485001,0
2023-11-16,23.575001,23.895,23.575001,23.892,7
2023-11-17,23.905001,24.155001,23.809,23.809,37
2023-11-20,23.459999,23.579,23.459999,23.579,2
2023-11-21,23.764999,23.843,23.764999,23.843,11
2023-11-22,23.672001,23.672001,23.672001,23.672001,37
2023-11-24,24.315001,24.329,24.26,24.329,4
2023-11-27,24.805,24.85,24.672001,24.672001,14
2023-11-28,24.93,24.93,24.93,24.93,59633
2023-11-29,25.049999,25.305,24.85,25.072001,5716
2023-11-30,25.035,25.325001,24.965,25.292999,882
2023-12-01,25.4,25.565001,25.155001,25.499001,491
2023-12-04,25.59,25.934999,24.450001,24.555,194
2023-12-05,24.555,24.655001,24.0,24.201,369
2023-12-06,24.18,24.355,23.889,23.889,76
2023-12-07,23.92,23.934999,23.732,23.732,107
2023-12-08,23.815001,23.815001,22.969999,22.971001,164
2023-12-11,23.049999,23.049999,22.754999,22.773001,54
2023-12-12,22.785,22.785,22.728001,22.728001,3
2023-12-13,22.809999,23.665001,22.525,22.639,89
2023-12-14,23.764999,24.205,23.764999,24.096001,125
2023-12-15,24.004999,24.01,23.870001,23.870001,4
2023-12-18,23.830999,23.830999,23.82,23.830999,76
2023-12-19,23.965,24.065001,23.959999,24.040001,32
2023-12-20,24.08,24.385,23.965,24.347,928
2023-12-21,24.33,24.370001,24.306999,24.306999,89
2023-12-22,24.52,24.575001,24.165001,24.290001,81
2023-12-26,24.285,24.285,24.09,24.143999,227
2023-12-27,24.235001,24.375,24.15,24.375,540
2023-12-28,24.34,24.42,24.0,24.134001,203
2023-12-29,23.885,23.885,23.555,23.853001,20
2024-01-02,23.844999,24.07,23.733,23.733,20
2024-01-03,23.264999,23.264999,22.93,22.945999,458
2024-01-04,22.93,23.045,22.705,22.989,24
2024-01-05,23.065001,23.122,22.865,23.122,5
2024-01-08,22.99,23.120001,22.834999,23.120001,53
2024-01-09,23.139999,23.139999,22.903999,22.903999,19
2024-01-10,23.0,23.0,22.799999,22.884001,10
2024-01-11,22.959999,23.084999,22.535,22.537001,109
2024-01-12,22.825001,23.379999,22.825001,23.162001,44
2024-01-16,22.933001,22.933001,22.933001,22.933001,0
2024-01-17,22.91,22.91,22.51,22.516001,17
2024-01-18,22.639999,22.667,22.59,22.667,5
2024-01-19,22.514999,22.570999,22.514999,22.570999,2
2024-01-22,22.004999,22.163,21.924999,22.163,28
2024-01-23,22.334,22.334,22.334,22.334,0
2024-01-24,22.855,22.91,22.754999,22.754999,46
2024-01-25,22.870001,22.870001,22.808001,22.808001,48
2024-01-26,22.76,22.84,22.754999,22.754999,111
2024-01-29,23.094999,23.205,23.094999,23.138,333
2024-01-30,23.205,23.275,23.065001,23.107,78
2024-01-31,23.051001,23.051001,23.051001,23.051001,0
2024-02-01,22.875,23.129999,22.549999,23.129999,12
2024-02-02,23.125,23.155001,22.555,22.701,20
2024-02-05,22.49,22.49,22.285,22.334999,36
2024-02-06,22.455,22.455,22.334999,22.393,405
2024-02-07,22.34,22.405001,22.278,22.278,69
2024-02-08,22.49,22.565001,22.299999,22.565001,154
2024-02-09,22.405001,22.565001,22.405001,22.528,7
2024-02-12,22.65,22.725,22.65,22.709,8
2024-02-13,22.096001,22.096001,22.096001,22.096001,0
2024-02-14,22.035,22.330999,22.004999,22.330999,8
2024-02-15,22.610001,22.92,22.610001,22.912001,6
2024-02-16,23.438999,23.438999,23.438999,23.438999,0
2024-02-20,23.15,23.15,23.106001,23.106001,6
2024-02-21,23.190001,23.195,22.851,22.851,8
2024-02-22,22.764999,22.764999,22.764999,22.764999,0
2024-02-23,22.969,22.969,22.969,22.969,39
2024-02-26,22.594999,22.594999,22.517,22.517,10
2024-02-27,22.523001,22.523001,22.523001,22.523001,38667
2024-02-28,22.445,22.5,22.245001,22.41,5854
2024-02-29,22.440001,22.775,22.295,22.666,517
2024-03-01,22.655001,23.25,22.57,23.15,964
2024-03-04,23.155001,23.93,23.07,23.778999,996
2024-03-05,23.705,24.200001,23.665001,23.763,559
2024-03-06,23.635,24.271999,23.594999,24.271999,129
2024-03-07,24.165001,24.514999,24.139999,24.370001,187
2024-03-08,24.504999,24.504999,24.299999,24.339001,115
2024-03-11,24.385,24.511999,24.370001,24.511999,172
2024-03-12,24.465,24.504999,24.194,24.194,42
2024-03-13,24.215,24.959,24.215,24.959,37
2024-03-14,24.875,24.98,24.874001,24.874001,20
2024-03-15,24.834999,25.42,24.825001,25.200001,48
2024-03-18,25.16,25.245001,25.091,25.091,26
2024-03-19,25.17,25.17,24.945,24.964001,20
2024-03-20,24.933001,24.933001,24.933001,24.933001,75
2024-03-21,25.625,25.735001,24.849001,24.849001,69
2024-03-22,24.75,24.75,24.66,24.691999,20
2024-03-25,24.815001,24.844999,24.719999,24.745001,69
2024-03-26,24.639999,24.65,24.483,24.483,663
2024-03-27,24.424999,24.625,24.424999,24.625,215
2024-03-28,24.684999,24.91,24.684999,24.797001,20
2024-04-01,25.25,25.344999,24.809999,24.954,44
2024-04-02,25.299999,25.855,25.27,25.804001,59
2024-04-03,26.254999,27.065001,26.209999,26.945,104
2024-04-04,27.23,27.27,26.790001,27.139999,23
2024-04-05,26.49,27.41,26.49,27.4,39
2024-04-08,27.805,27.93,27.712,27.712,6
2024-04-09,28.120001,28.120001,27.891001,27.891001,66
2024-04-10,27.764999,27.985001,27.764999,27.961,5
2024-04-11,28.129999,28.514999,28.0,28.176001,536
2024-04-12,28.51,29.805,28.254999,28.254999,354
2024-04-15,28.25,28.650999,27.77,28.650999,61
2024-04-16,28.355,28.355,28.235001,28.318001,76
2024-04-17,28.51,28.51,28.309999,28.346001,9
2024-04-18,28.329,28.329,28.329,28.329,0
2024-04-19,28.504999,28.808001,28.215,28.808001,15
2024-04-22,27.212999,27.212999,27.212999,27.212999,0
2024-04-23,27.135,27.41,27.135,27.330999,15
2024-04-24,27.139999,27.323999,27.129999,27.323999,4
2024-04-25,27.341999,27.341999,27.341999,27.341999,29
2024-04-26,27.240999,27.240999,27.240999,27.240999,68254
2024-04-29,27.200001,27.440001,26.959999,27.372999,11787
2024-04-30,27.155001,27.165001,26.299999,26.391001,1881
2024-05-01,26.285,26.945,26.285,26.489,387
2024-05-02,26.715,26.795,26.035,26.583,277
2024-05-03,26.629999,26.785,26.16,26.445,194
2024-05-06,26.950001,27.389999,26.950001,27.368999,48
2024-05-07,27.299999,27.445,27.280001,27.302999,74
2024-05-08,27.264999,27.42,27.264999,27.361,123
2024-05-09,27.605,28.200001,27.6,28.132,333
2024-05-10,28.594999,28.594999,28.23,28.275,75
2024-05-13,28.059999,28.344999,28.035,28.221001,253
2024-05-14,28.27,28.610001,28.110001,28.485001,212
2024-05-15,28.610001,29.514,28.610001,29.514,31
2024-05-16,29.879999,29.879999,29.5,29.665001,29
2024-05-17,29.76,31.605,29.76,31.047001,118
2024-05-20,30.995001,32.205002,30.995001,32.205002,83
2024-05-21,32.494999,32.5,31.405001,31.868,55
2024-05-22,32.029999,32.029999,31.16,31.295,31
2024-05-23,30.344999,30.709999,30.129999,30.284,104
2024-05-24,30.370001,30.370001,30.33,30.33,10
2024-05-28,31.540001,32.115002,31.504999,31.971001,45
2024-05-29,32.202999,32.202999,32.202999,32.202999,932
2024-05-30,32.0,32.049999,31.110001,31.388,257
2024-05-31,30.424999,30.49,30.297001,30.297001,44
2024-06-03,30.440001,30.641001,29.85,30.641001,209
2024-06-04,29.754999,29.995001,29.469999,29.488001,39
2024-06-05,29.549999,29.969999,29.549999,29.948,16
2024-06-06,30.559999,31.32,30.559999,31.247,282
2024-06-07,31.525,31.525,29.299999,29.334999,10
2024-06-10,29.59,29.768999,29.48,29.768999,32
2024-06-11,29.155001,29.504999,29.132999,29.132999,3
2024-06-12,30.176001,30.176001,29.75,30.176001,8
2024-06-13,29.125,29.325001,28.815001,28.99,21
2024-06-14,29.385,29.540001,29.385,29.402,16
2024-06-17,29.325001,29.325001,29.325001,29.325001,0
2024-06-18,29.004999,29.504999,28.955,29.504999,66
2024-06-20,29.5,30.775999,29.5,30.775999,20
2024-06-21,30.5,30.51,29.573,29.573,20
2024-06-24,29.5,29.5,29.489,29.489,5
2024-06-25,29.5,29.5,28.837,28.837,5
2024-06-26,28.909,28.909,28.909,28.909,52023
2024-06-27,28.77,29.225,28.665001,28.917999,14649
2024-06-28,28.940001,29.58,28.82,29.237,538
2024-07-01,29.1,29.440001,29.0,29.299999,664
2024-07-02,29.309999,29.620001,29.225,29.353001,153
2024-07-03,29.594999,30.549999,29.540001,30.548,261
2024-07-05,30.264999,31.469999,30.165001,31.388,451
2024-07-08,31.200001,31.200001,30.618,30.618,171
2024-07-09,30.771999,30.771999,30.771999,30.771999,6
2024-07-10,30.77,30.77,30.726999,30.726999,121
2024-07-11,30.940001,31.705,30.905001,31.393999,257
2024-07-12,31.365,31.365,30.459999,30.886,41
2024-07-15,30.690001,31.004999,30.594999,30.672001,43
2024-07-16,30.809999,31.305,30.780001,31.195,8
2024-07-17,31.205,31.285,30.136999,30.136999,69
2024-07-18,30.504999,30.504999,29.99,29.995001,4
2024-07-19,29.75,29.75,28.9,29.087999,73
2024-07-22,29.17,29.17,28.780001,29.124001,27
2024-07-23,29.0,29.132,28.799999,29.132,21
2024-07-24,29.115999,29.115999,28.985001,29.115999,9
2024-07-25,28.700001,28.700001,27.549999,27.806999,157
2024-07-26,28.01,28.01,27.74,27.860001,75
2024-07-29,28.049999,28.049999,27.702999,27.702999,819
2024-07-30,27.825001,28.365,27.799999,28.365,320
2024-07-31,28.715,28.885,28.715,28.778,17
2024-08-01,28.945,28.945,28.330999,28.330999,16
2024-08-02,28.9,28.93,28.246,28.246,101
2024-08-05,28.165001,28.559999,26.84,27.076,38
2024-08-06,27.215,27.23,27.096001,27.096001,110
2024-08-07,26.915001,26.915001,26.695,26.83,7
2024-08-08,27.055,27.504999,27.055,27.5,36
2024-08-09,27.487,27.487,27.487,27.487,2
2024-08-12,27.84,27.924999,27.780001,27.917,11
2024-08-13,27.695,27.695,27.695,27.695,4
2024-08-14,27.254,27.254,27.254,27.254,30
2024-08-15,28.145,28.341999,28.145,28.341999,41
2024-08-16,28.778,28.778,28.778,28.778,15
2024-08-19,29.24,29.24,29.24,29.24,18
2024-08-20,29.855,29.955,29.455,29.455,15
2024-08-21,29.476,29.476,29.476,29.476,1
2024-08-22,29.445,29.450001,29.0,29.006001,4
2024-08-23,29.785999,29.785999,29.785999,29.785999,8
2024-08-26,30.105,30.105,29.905001,29.976999,53
2024-08-27,29.951,29.985001,29.951,29.951,78
2024-08-28,29.176001,29.176001,29.176001,29.176001,42397
2024-08-29,29.110001,29.655001,29.110001,29.556999,7849
2024-08-30,29.379999,29.555,28.709999,28.731001,488
2024-09-03,28.355,28.565001,27.695,27.951,292
2024-09-04,27.885,28.215,27.885,28.167,237
2024-09-05,28.195,28.77,28.195,28.719999,299
2024-09-06,28.584999,28.584999,27.808001,27.808001,72
2024-09-09,28.084999,28.34,28.049999,28.291,72
2024-09-10,28.245001,28.257,28.205,28.257,20
2024-09-11,28.495001,28.68,28.495001,28.563,18
2024-09-12,28.805,29.799999,28.790001,29.743,33
2024-09-13,29.98,30.77,29.98,30.698999,66
2024-09-16,30.885,31.014999,30.764999,30.771,116
2024-09-17,30.618999,30.700001,30.618999,30.618999,52
2024-09-18,30.66,30.73,30.299999,30.341,86
2024-09-19,30.049999,31.094,30.049999,31.094,26
2024-09-20,31.065001,31.200001,31.065001,31.176001,3
2024-09-23,30.629999,30.865,30.629999,30.767,70
2024-09-24,30.860001,32.111,30.825001,32.111,35
2024-09-25,31.805,31.99,31.698,31.698,38
2024-09-26,32.235001,32.25,32.025002,32.025002,301
2024-09-27,31.815001,32.139999,31.445,31.518999,120
2024-09-30,31.605,31.605,31.120001,31.164,73
2024-10-01,31.35,31.594999,31.309999,31.445,86
2024-10-02,31.055,31.700001,31.055,31.628,24
2024-10-03,31.459999,32.188999,31.440001,32.188999,146
2024-10-04,32.095001,32.860001,31.610001,32.127998,156
2024-10-07,31.59,31.745001,31.59,31.745001,1
2024-10-08,31.385,31.385,30.355,30.355,21
2024-10-09,30.485001,30.485001,30.424999,30.424999,2
2024-10-10,31.004999,31.004999,31.004999,31.004999,4
2024-10-11,31.535,31.535,31.52,31.52,15
2024-10-14,31.083,31.200001,31.083,31.083,2
2024-10-15,31.527,31.527,31.527,31.527,0
2024-10-16,31.65,31.76,31.645,31.76,25
2024-10-17,31.68,31.855,31.573,31.573,26
2024-10-18,33.032001,33.68,33.032001,33.032001,33
2024-10-21,33.865002,34.255001,33.865002,33.868999,58
2024-10-22,34.474998,34.834999,34.424999,34.831001,80
2024-10-23,34.555,34.555,33.639999,33.639999,6
2024-10-24,34.139999,34.139999,33.611,33.611,24
2024-10-25,33.25,33.705002,33.25,33.603001,22
2024-10-28,33.77,33.830002,33.77,33.830002,3
2024-10-29,34.269001,34.269001,34.269001,34.269001,133
2024-10-30,34.119999,34.169998,33.540001,33.914001,79
2024-10-31,33.525002,33.525002,32.59,32.653,37
2024-11-01,32.542,32.542,32.400002,32.542,98
2024-11-04,32.48,32.48,32.48,32.48,0
2024-11-05,32.654999,32.654999,32.654999,32.654999,6
2024-11-06,32.040001,32.040001,31.0,31.221001,6
2024-11-07,31.445,31.764999,31.445,31.764999,222
2024-11-08,31.495001,31.495001,31.344999,31.358999,3
2024-11-11,31.115,31.115,30.5,30.540001,69
2024-11-12,30.309999,30.686001,30.309999,30.686001,5
2024-11-13,30.969999,30.969999,30.43,30.59,5
2024-11-14,30.17,30.57,29.735001,30.507999,38
2024-11-15,30.32,30.371,30.245001,30.371,2
2024-11-18,31.163,31.163,31.163,31.163,6
2024-11-19,31.455,31.475,31.15,31.208,10
2024-11-20,31.18,31.18,30.955999,30.955999,7
2024-11-21,30.945,30.945,30.75,30.912001,30
2024-11-22,31.299999,31.309,31.26,31.309,5
2024-11-25,30.815001,30.815001,30.209999,30.209999,12
2024-11-26,30.388,30.388,30.388,30.388,55215
2024-11-27,30.49,30.75,29.99,30.111,19729
2024-11-29,30.135,30.950001,29.655001,30.684999,2230
2024-12-02,30.51,30.67,30.17,30.448999,158
2024-12-03,30.934999,31.110001,30.870001,31.077,211
2024-12-04,31.155001,31.504999,30.92,31.504999,504
2024-12-05,31.290001,31.475,31.134001,31.134001,211
2024-12-06,31.299999,31.334999,31.08,31.186001,35
2024-12-09,31.440001,32.514999,31.440001,32.216,642
2024-12-10,32.105,32.362999,32.035,32.362999,689
2024-12-11,32.34,32.562,32.205002,32.562,484
2024-12-12,32.529999,32.77,31.225,31.228001,108
2024-12-13,31.0,31.0,30.559999,30.655001,47
2024-12-16,30.815001,30.815001,30.68,30.697001,36
2024-12-17,30.344999,30.573,30.290001,30.573,365
2024-12-18,30.440001,30.440001,29.879999,30.41,290
2024-12-19,29.605,29.615,28.855,29.094,81
2024-12-20,29.165001,29.844999,29.105,29.66,61
2024-12-23,29.895,29.99,29.888,29.888,54
2024-12-24,29.974001,29.974001,29.974001,29.974001,66
2024-12-26,30.014999,30.115,29.98,30.047001,109
2024-12-27,29.934999,29.934999,29.605,29.655001,502
2024-12-30,29.66,29.719999,28.99,29.106001,200
2024-12-31,29.135,29.17,28.940001,28.940001,172
2025-01-02,29.26,29.715,29.26,29.622,307
2025-01-03,30.08,30.08,29.806,29.806,91
2025-01-06,30.370001,30.459999,29.959999,30.341999,186
2025-01-07,30.447001,30.447001,30.447001,30.447001,6
2025-01-08,30.525,30.65,30.280001,30.452,46
2025-01-09,30.965,30.965,30.735001,30.791,192
2025-01-10,31.535,31.535,31.09,31.091,60
2025-01-13,30.275,30.275,30.091,30.091,2
2025-01-14,30.195,30.195,30.132,30.132,66
2025-01-15,30.879999,31.35,30.875,31.319,21
2025-01-16,31.385,31.674999,31.33,31.523001,109
2025-01-17,31.200001,31.209999,30.951,30.951,5
2025-01-21,30.799999,31.311001,30.775,31.311001,215
2025-01-22,30.995001,31.239,30.995001,31.239,7
2025-01-23,30.4,30.673,30.4,30.673,2
2025-01-24,31.075001,31.075001,30.99,31.023001,112
2025-01-27,30.254,30.254,30.254,30.254,111
2025-01-28,30.365,30.726999,30.365,30.726999,132
2025-01-29,31.238001,31.238001,31.238001,31.238001,263
2025-01-30,31.48,32.599998,31.469999,32.363998,557
2025-01-31,32.674999,32.759998,32.110001,32.127998,162
2025-02-03,32.145,32.459999,31.629999,32.391998,444
2025-02-04,32.209999,32.888,32.115002,32.888,744
2025-02-05,32.805,32.856998,32.634998,32.856998,42
2025-02-06,32.5,32.518002,32.384998,32.518002,651
2025-02-07,32.740002,32.740002,32.110001,32.334999,172
2025-02-10,32.310001,32.391998,32.310001,32.391998,456
2025-02-11,32.110001,32.259998,31.635,32.230999,23
2025-02-12,31.965,32.755001,31.965,32.695,80
2025-02-13,32.834999,32.880001,32.535,32.650002,119
2025-02-14,33.744999,34.080002,32.75,32.800999,153
2025-02-18,32.759998,33.360001,32.759998,33.317001,201
2025-02-19,33.560001,33.560001,32.993,32.993,21
2025-02-20,33.444,33.444,33.444,33.444,0
2025-02-21,33.325001,33.325001,32.976002,32.976002,96
2025-02-24,32.834999,32.855,32.575001,32.575001,115
2025-02-25,32.125,32.439999,31.801001,31.801001,72
2025-02-26,32.252998,32.252998,32.252998,32.252998,36515
2025-02-27,32.235001,32.290001,31.469999,31.801001,10140
2025-02-28,31.575001,31.645,31.084999,31.219,1641
2025-03-03,31.434999,32.209999,31.375,32.032001,872
2025-03-04,31.84,32.290001,31.77,32.108002,762
2025-03-05,32.169998,33.0,32.169998,32.858002,912
2025-03-06,32.98,33.063,32.630001,33.063,370
2025-03-07,32.93,32.93,32.404999,32.548,926
2025-03-10,32.764999,32.764999,32.105,32.275002,300
2025-03-11,32.294998,33.134998,32.27,32.888,243
2025-03-12,33.244999,33.5,33.189999,33.484001,689
2025-03-13,33.384998,34.404999,33.349998,34.050999,345
2025-03-14,34.244999,34.555,34.055,34.187,191
2025-03-17,34.040001,34.115002,33.965,34.074001,333
2025-03-18,34.5,34.578999,34.404999,34.578999,15
2025-03-19,34.395,34.395,33.974998,33.974998,193
2025-03-20,33.689999,33.810001,33.689999,33.785999,257
2025-03-21,33.290001,33.290001,33.290001,33.290001,189
2025-03-24,33.474998,33.48,33.264999,33.264999,88
2025-03-25,33.459999,34.09,33.459999,34.001999,14
2025-03-26,34.305,34.305,33.994999,34.033001,134
2025-03-27,34.896999,34.896999,34.896999,34.896999,1017
2025-03-28,35.264999,35.264999,34.560001,34.644001,316
2025-03-31,34.759998,35.0,34.400002,34.457001,97
2025-04-01,34.599998,34.665001,34.158001,34.158001,97
2025-04-02,34.499001,34.855,34.499001,34.499001,558
2025-04-03,34.134998,34.134998,31.625,31.844,63
2025-04-04,31.440001,31.5,29.115999,29.115999,61
2025-04-07,28.450001,30.459999,28.309999,29.51,310
2025-04-08,29.764999,30.32,29.591999,29.591999,64
2025-04-09,29.35,30.323,29.254999,30.323,137
2025-04-10,31.030001,31.049999,30.671,30.671,4
2025-04-11,31.115,31.823999,31.115,31.823999,24
2025-04-14,31.799999,32.091999,31.799999,32.091999,17
2025-04-15,32.227001,32.227001,32.227001,32.227001,45
2025-04-16,33.025002,33.025002,32.755001,32.925999,97
2025-04-17,32.334999,32.580002,32.09,32.419998,168
2025-04-21,32.650002,32.785,32.495998,32.495998,56
2025-04-22,32.880001,32.880001,32.880001,32.880001,1
2025-04-23,33.549999,33.549999,33.518002,33.518002,52
2025-04-24,33.325001,33.481998,33.325001,33.481998,93
2025-04-25,32.988998,32.988998,32.988998,32.988998,93
2025-04-28,32.990002,32.990002,32.990002,32.990002,38963
2025-04-29,33.095001,33.514999,32.82,33.275002,9484
2025-04-30,32.889999,32.990002,32.134998,32.530998,622
2025-05-01,32.544998,32.555,31.684999,32.188999,556
2025-05-02,32.384998,32.674999,31.91,31.989,74
2025-05-05,31.92,32.48,31.915001,32.205002,224
2025-05-06,32.650002,33.189999,32.650002,33.112999,227
2025-05-07,32.805,32.805,32.195,32.530998,253
2025-05-08,32.275002,32.445,32.275002,32.377998,526
2025-05-09,32.675999,32.73,32.675999,32.675999,7
2025-05-12,32.584999,32.865002,31.93,32.388,90
2025-05-13,33.200001,33.205002,32.805,32.868,28
2025-05-14,32.240002,32.255001,32.084999,32.226002,57
2025-05-15,32.480999,32.480999,32.480999,32.480999,2
2025-05-16,32.195,32.240002,31.91,32.158001,100
2025-05-19,32.439999,32.57,32.209999,32.313,217
2025-05-20,32.119999,33.064999,32.07,32.98,35
2025-05-21,33.044998,33.575001,33.044998,33.463001,217
2025-05-22,33.575001,33.575001,32.84,33.047001,16
2025-05-23,33.099998,33.535,33.099998,33.442001,44
2025-05-27,33.23,33.23,32.945,33.146,203
2025-05-28,33.145,33.145,32.955002,33.0,656
2025-05-29,32.91,33.439999,32.66,33.283001,686
2025-05-30,32.974998,32.974998,32.891998,32.891998,380
2025-06-02,33.450001,34.790001,33.450001,34.563,188
2025-06-03,34.314999,34.502998,34.314999,34.502998,14
2025-06-04,34.389999,34.519001,34.389999,34.519001,164
2025-06-05,35.305,36.025002,35.299999,35.688999,55
2025-06-06,35.654999,36.355,35.634998,36.025002,367
2025-06-09,36.688,36.688,36.688,36.688,28
2025-06-10,36.459999,36.542,36.450001,36.542,133
2025-06-11,36.09,36.27,36.09,36.166,33
2025-06-12,35.759998,36.213001,35.759998,36.213001,51
2025-06-13,36.205002,36.314999,36.200001,36.280998,90
2025-06-16,36.25,36.379002,36.25,36.379002,6
2025-06-17,36.810001,37.255001,36.810001,37.09,60
2025-06-18,37.174999,37.174999,36.866001,36.866001,0
2025-06-20,35.775002,35.976002,35.775002,35.976002,2
2025-06-23,36.16,36.165001,36.153,36.153,7
2025-06-24,35.830002,35.830002,35.599998,35.701,10
2025-06-25,36.084999,36.084999,36.084999,36.084999,2
2025-06-26,36.310001,36.585999,36.310001,36.585999,43116
2025-06-27,36.560001,36.639999,35.634998,36.036999,7734
2025-06-30,35.895,36.119999,35.27,35.852001,191
2025-07-01,36.060001,36.5,35.845001,36.082001,74
2025-07-02,35.98,36.450001,35.98,36.425999,512
2025-07-03,36.41,36.939999,36.349998,36.784,0
2025-07-04,36.775002,36.775002,36.775002,36.775002,0
2025-07-07,37.09,37.09,36.125,36.615002,362
2025-07-08,36.685001,36.685001,36.259998,36.472,463
2025-07-09,36.384998,36.384998,36.27,36.351002,34
2025-07-10,36.639999,37.41,36.639999,37.037998,746
2025-07-11,37.450001,38.93,37.450001,38.675999,687
2025-07-14,39.099998,39.139999,38.360001,38.462002,103
2025-07-15,38.279999,38.330002,37.674999,37.834,183
2025-07-16,37.970001,38.055,37.790001,37.853001,218
2025-07-17,37.84,38.195,37.84,38.056,147
2025-07-18,38.514999,38.514999,38.223,38.223,52
2025-07-21,38.994999,39.125,38.994999,39.101002,73
2025-07-22,38.915001,39.355,38.915001,39.32,67
2025-07-23,39.41,39.41,39.220001,39.278,51
2025-07-24,39.060001,39.130001,38.84,39.021,59
2025-07-25,38.93,38.93,38.040001,38.167,7
2025-07-28,38.130001,38.189999,38.02,38.026001,154
2025-07-29,38.130001,38.130001,38.060001,38.084,1109
2025-07-30,38.165001,38.165001,36.775002,37.566002,352
2025-07-31,36.84,36.84,36.551998,36.551998,89
2025-08-01,36.345001,36.786999,36.345001,36.786999,95
2025-08-04,37.145,37.299999,37.145,37.192001,488
2025-08-05,37.605,37.687,37.605,37.687,3
2025-08-06,37.759998,37.765999,37.759998,37.765999,6
2025-08-07,38.330002,38.375,38.158001,38.158001,130
2025-08-08,38.485001,38.619999,38.389999,38.417,54
2025-08-11,38.040001,38.040001,37.661999,37.661999,35
2025-08-12,37.555,37.898998,37.555,37.898998,19
2025-08-13,38.450001,38.505001,38.450001,38.499001,8
2025-08-14,37.981998,37.981998,37.981998,37.981998,5
2025-08-15,37.880001,37.894001,37.880001,37.894001,2
2025-08-18,37.951,37.951,37.951,37.951,3
2025-08-19,37.305,37.305,37.205002,37.261002,10
2025-08-20,37.744999,37.744999,37.705002,37.705002,2
2025-08-21,38.027,38.027,38.027,38.027,28
2025-08-22,39.002998,39.002998,39.002998,39.002998,2
2025-08-25,38.764999,38.790001,38.509998,38.676998,344
2025-08-26,38.525002,38.582001,38.525002,38.582001,78
2025-08-27,38.688999,38.688999,38.688999,38.688999,38378
2025-08-28,38.689999,39.334999,38.68,39.189999,5603
2025-08-29,39.154999,40.305,38.904999,40.200001,0
2025-09-02,40.185001,41.34,40.185001,41.070999,820
2025-09-03,41.150002,41.715,41.014999,41.542,409
2025-09-04,41.029999,41.055,40.799999,40.910999,249
2025-09-05,40.959999,41.535,40.869999,41.074001,835
2025-09-08,41.150002,41.779999,41.150002,41.425999,531
2025-09-09,41.57,41.57,40.877998,40.877998,359
2025-09-10,41.132999,41.132999,41.132999,41.132999,350
2025-09-11,41.355,41.740002,41.349998,41.696999,538
2025-09-12,41.599998,42.387001,41.599998,42.387001,18
2025-09-15,42.209999,42.580002,42.209999,42.516998,48
2025-09-16,42.471001,42.471001,42.435001,42.471001,894
2025-09-17,41.889999,41.935001,41.722,41.722,311
2025-09-18,41.700001,41.709999,41.494999,41.707001,156
2025-09-19,41.915001,42.865002,41.814999,42.535999,625
2025-09-22,43.669998,43.919998,43.299999,43.799,179
2025-09-23,43.900002,44.299999,43.700001,44.192001,400
2025-09-24,44.110001,44.185001,43.700001,43.777,174
2025-09-25,43.790001,45.0,43.785,44.696999,199
2025-09-26,44.875,46.221001,44.869999,46.221001,556
2025-09-29,46.139999,46.875,46.09,46.612,622
2025-09-30,46.935001,46.959999,45.965,46.252998,338
2025-10-01,47.345001,47.509998,46.790001,47.290001,125
2025-10-02,46.970001,47.244999,45.384998,46.0,509
2025-10-03,47.597,47.597,47.597,47.597,53
2025-10-06,47.895,48.082001,47.895,48.082001,60
2025-10-07,47.419998,47.849998,47.029999,47.179001,708
2025-10-08,47.889999,48.655998,47.889999,48.655998,149
2025-10-09,47.924999,49.490002,46.735001,46.849998,1568
2025-10-10,46.93,48.290001,46.93,46.938,453
2025-10-13,49.34,50.494999,49.34,50.130001,453
2025-10-14,51.259998,51.985001,48.535,50.313999,249
2025-10-15,50.939999,51.575001,50.845001,51.073002,102
2025-10-16,52.509998,53.105,51.785,53.022999,356
2025-10-17,53.215,53.34,49.645,49.863998,400
2025-10-20,50.415001,51.43,50.139999,51.118999,652
2025-10-21,50.805,50.805,47.415001,47.450001,329
2025-10-22,47.889999,48.115002,47.220001,47.460999,347
2025-10-23,48.470001,48.91,48.459999,48.481998,507
2025-10-24,47.424999,48.43,47.424999,48.376999,270
2025-10-27,47.810001,47.810001,45.845001,46.562,161
2025-10-28,46.325001,47.125,46.325001,47.125,59
2025-10-29,47.721001,47.721001,47.721001,47.721001,545
2025-10-30,47.540001,48.610001,47.134998,48.428001,370
2025-10-31,48.439999,48.68,47.993999,47.993999,484
2025-11-03,47.825001,48.349998,47.825001,47.888,0
2025-11-04,46.924999,47.130001,46.805,47.130001,115
2025-11-05,47.560001,47.880001,47.560001,47.862999,23
2025-11-06,47.793999,47.793999,47.793999,47.793999,86
2025-11-07,48.029999,48.040001,48.014999,48.016998,23
2025-11-10,49.5,50.176998,49.5,50.176998,91
2025-11-11,50.43,50.855,50.43,50.618,106
2025-11-12,51.25,53.5,51.25,53.332001,20
2025-11-13,52.93,54.200001,52.66,53.074001,264
2025-11-14,53.099998,53.099998,50.244999,50.59,73
2025-11-17,50.75,50.75,49.665001,50.625,71
2025-11-18,49.330002,50.919998,49.235001,50.450001,384
2025-11-19,51.599998,51.75,50.424999,50.790001,72
2025-11-20,50.349998,50.349998,50.005001,50.247002,10
2025-11-21,49.849998,49.945,48.125,49.873001,22
2025-11-24,49.595001,50.294998,49.595001,50.294998,35
2025-11-25,50.845001,51.130001,50.814999,50.933998,49588
2025-11-26,51.105,53.095001,50.959999,52.916,14378
2025-11-28,53.075001,56.455002,52.549999,56.445999,2541
2025-12-01,56.220001,58.474998,56.139999,58.417999,994
2025-12-02,57.669998,58.459999,56.580002,57.983002,392
2025-12-03,58.785,58.900002,57.650002,57.921001,264
2025-12-04,58.299999,58.299999,56.299999,56.847,335
2025-12-05,56.834999,58.470001,56.834999,58.422001,284
2025-12-08,58.209999,58.34,57.52,57.778999,518
2025-12-09,57.615002,60.52,57.615002,60.168999,324
2025-12-10,60.57,61.529999,60.115002,60.379002,462
2025-12-11,61.974998,63.929001,61.875,63.929001,408
2025-12-12,63.07,63.555,60.665001,61.362,435
2025-12-15,61.23,62.950001,61.23,62.939999,387
2025-12-16,62.665001,63.0,62.540001,62.700001,70
2025-12-17,65.279999,66.474998,65.089996,66.237,233
2025-12-18,65.775002,65.775002,64.279999,64.592003,118
2025-12-19,66.495003,66.845001,66.485001,66.845001,144
2025-12-22,67.004997,68.864998,67.004997,67.905998,130
2025-12-23,69.080002,70.574997,69.074997,70.485001,40
2025-12-24,71.514999,71.514999,71.0,71.030998,35
2025-12-26,74.5,78.839996,73.735001,76.486,140
2025-12-29,79.699997,79.699997,69.856003,69.856003,1608
2025-12-30,71.330002,77.410004,70.5,77.374001,992
2025-12-31,74.605003,74.625,70.134003,70.134003,343
2026-01-02,71.375,73.589996,70.556,70.556,602
2026-01-05,74.175003,76.82,73.904999,76.164001,883
2026-01-06,75.93,80.855003,75.93,80.529999,580
2026-01-07,80.900002,80.900002,75.875,77.135002,2093
2026-01-08,76.57,76.57,73.165001,74.716003,1447
2026-01-09,76.699997,79.974998,76.699997,78.884003,254
2026-01-12,82.0,85.824997,82.0,84.610001,575
2026-01-13,84.904999,88.610001,84.589996,85.876999,341
2026-01-14,89.349998,93.0,88.705002,90.869003,470
2026-01-15,90.824997,92.419998,86.129997,91.875999,390
2026-01-16,90.440002,90.925003,86.195,88.091003,685
2026-01-20,92.32,94.989998,92.059998,94.206001,543
2026-01-21,93.885002,94.529999,91.589996,92.209999,231
2026-01-22,92.834999,95.980003,92.480003,95.975998,548
2026-01-23,98.269997,102.925003,97.730003,100.925003,283
2026-01-26,105.044998,117.195,103.220001,115.080002,537
2026-01-27,104.400002,110.519997,103.099998,105.523003,131
2026-01-28,114.574997,114.574997,112.735001,113.111,1436
2026-01-29,116.889999,121.300003,107.970001,114.037003,1261
2026-01-30,116.864998,117.790001,76.025002,78.290001,841
2026-02-02,81.0,84.389999,73.360001,76.778,388
2026-02-03,80.125,88.195,80.0,83.042,840
2026-02-04,87.110001,90.974998,83.625,84.165001,158
2026-02-05,88.440002,88.440002,71.080002,76.528999,422
2026-02-06,70.404999,77.32,68.709999,76.735001,118
2026-02-09,80.504997,82.065002,79.980003,82.065002,443
2026-02-10,81.675003,81.675003,79.839996,80.218002,112
2026-02-11,80.995003,84.470001,80.985001,83.753998,11
2026-02-12,82.684998,82.695,75.545998,75.545998,78
2026-02-13,75.110001,78.470001,74.830002,77.850998,63
2026-02-17,75.349998,75.349998,72.0,73.446999,61
2026-02-18,75.699997,77.509003,75.699997,77.509003,18
2026-02-19,76.940002,78.940002,76.940002,77.565002,208
2026-02-20,80.459999,84.415001,80.459999,82.282997,30
2026-02-23,86.495003,87.915001,86.495003,86.523003,41
2026-02-24,86.290001,87.457001,86.290001,87.457001,268
2026-02-25,90.939003,90.939003,90.939003,90.939003,36156
2026-02-26,88.925003,90.254997,84.980003,86.998001,6626
2026-02-27,88.065002,93.879997,87.82,92.681999,1134
2026-03-02,95.860001,95.860001,86.220001,88.283997,1338
2026-03-03,89.589996,90.800003,79.0,82.922997,1600
2026-03-04,83.084999,85.014999,82.633003,82.633003,502
2026-03-05,84.095001,84.150002,80.955002,81.686996,597
2026-03-06,82.919998,84.334999,81.425003,83.816002,282
2026-03-09,82.495003,86.510002,79.5,84.031998,497
2026-03-10,87.120003,89.589996,87.0,89.083,106
2026-03-11,88.544998,88.68,84.525002,85.065002,1455
2026-03-12,86.565002,87.160004,84.669998,84.669998,284
2026-03-13,82.0,83.815002,79.449997,80.914001,856
2026-03-16,79.0,80.904999,79.0,80.263,91
2026-03-17,80.43,82.239998,78.580002,79.529999,248
2026-03-18,76.5,77.735001,74.800003,77.237999,340
2026-03-19,75.705002,76.105003,67.0,70.902,138
2026-03-20,71.919998,71.925003,69.360001,69.360001,45
2026-03-23,64.739998,69.510002,61.09,69.049004,271
2026-03-24,69.089996,71.184998,68.550003,69.274002,122
2026-03-25,71.389999,73.169998,71.224998,72.361,211
2026-03-26,70.105003,70.105003,67.230003,67.670998,31
2026-03-27,67.550003,69.544998,67.540001,69.544998,391
2026-03-30,67.904999,70.980003,67.82,70.323997,482
2026-03-31,72.555,75.169998,72.555,74.690002,98
2026-04-01,74.345001,75.866997,73.900002,75.866997,81
2026-04-02,73.714996,73.714996,69.834999,72.735001,0
2026-04-06,71.849998,72.661003,71.849998,72.661003,1
2026-04-07,71.894997,71.894997,70.0,71.825996,91
2026-04-08,76.169998,77.449997,75.223999,75.223999,34
2026-04-09,73.779999,76.277,73.779999,76.277,4
2026-04-10,75.305,76.650002,75.305,76.323997,175
2026-04-13,72.800003,75.523003,72.794998,75.523003,13
2026-04-14,76.815002,79.589996,76.815002,79.390999,590
2026-04-15,80.25,80.349998,79.300003,79.490997,473
2026-04-16,79.175003,79.175003,78.606003,78.606003,504
2026-04-17,82.379997,82.830002,81.737999,81.737999,38
2026-04-20,79.525002,79.950996,79.504997,79.950996,24
2026-04-21,78.949997,78.949997,76.411003,76.411003,34
2026-04-22,76.875,77.892998,76.875,77.892998,9
2026-04-23,76.305,76.324997,75.464996,75.464996,21
2026-04-24,76.383003,76.383003,76.383003,76.383003,31
2026-04-27,75.264999,75.334999,74.754997,75.002998,7
2026-04-28,73.205002,73.205002,73.205002,73.205002,28613
2026-04-29,72.985001,73.815002,70.885002,71.569,4128
2026-04-30,71.385002,73.849998,71.385002,73.533997,498
2026-05-01,74.419998,76.879997,73.110001,75.950996,598
2026-05-04,75.400002,75.400002,72.5,73.071999,591
2026-05-05,72.669998,73.945,72.669998,73.108002,194
2026-05-06,73.889999,77.834999,73.775002,76.810997,235
2026-05-07,77.870003,82.175003,77.870003,79.700996,301
2026-05-08,80.815002,81.599998,80.059998,80.394997,14
2026-05-11,85.605003,86.25,85.0,85.485001,408
2026-05-12,86.495003,86.910004,83.75,85.129997,418
2026-05-13,86.93,88.888,86.93,88.888,137
2026-05-14,87.074997,87.074997,84.900002,84.912003,91
2026-05-15,80.610001,80.610001,76.004997,77.161003,53
2026-05-18,75.345001,78.055,74.745003,77.072998,211
2026-05-19,78.464996,78.464996,73.790001,74.828003,50
2026-05-20,75.589996,76.425003,75.169998,75.850998,249
2026-05-21,74.959999,76.870003,74.959999,76.414001,4
2026-05-22,76.019997,76.040001,75.892998,75.892998,20
2026-05-26,77.504997,77.504997,76.095001,76.305,110
2026-05-27,74.57,74.75,74.32,74.598999,863
2026-05-28,73.650002,76.0,71.970001,75.644997,280
2026-05-29,75.519997,75.615997,75.114998,75.615997,23
2026-06-01,74.375,75.644997,74.375,75.007004,82
2026-06-02,75.650002,76.025002,75.310997,75.310997,58
2026-06-03,73.475998,73.475998,73.209999,73.475998,13
2026-06-04,73.089996,74.199997,73.089996,73.778999,138
2026-06-05,72.574997,72.730003,68.650002,68.943001,62
2026-06-08,67.449997,68.809998,66.870003,68.425003,22
2026-06-09,68.224998,68.815002,65.0,65.094002,81
2026-06-10,63.82,64.598999,63.744999,64.598999,4
2026-06-11,63.955002,63.985001,63.884998,63.884998,22
2026-06-12,67.044998,68.080002,67.019997,67.859001,11
2026-06-15,70.066002,70.066002,70.066002,70.066002,0
2026-06-16,69.899002,69.899002,69.899002,69.899002,2
2026-06-17,70.309998,70.949997,68.760002,70.695999,22
2026-06-18,66.254997,66.254997,66.254997,66.254997,0
2026-06-22,65.527,65.527,65.527,65.527,16
2026-06-23,61.950001,62.02,61.950001,62.02,56
2026-06-24,59.389999,59.514999,57.25,58.051998,79
2026-06-25,58.384998,58.384998,58.348,58.348,148
2026-06-26,59.189999,59.216999,59.189999,59.216999,25322
2026-06-29,58.68,59.125,57.540001,58.174999,3617
2026-06-30,58.34,60.400002,57.035,59.477001,1886
2026-07-01,58.865002,60.419998,57.325001,60.084999,367
2026-07-02,59.470001,61.595001,59.465,60.643002,197
2026-07-06,62.619999,62.619999,61.634998,61.919998,69
2026-07-07,61.205002,61.369999,60.205002,60.931,124
2026-07-08,60.904999,60.904999,57.759998,58.164001,326
2026-07-09,59.220001,60.5,58.900002,60.377998,192
2026-07-10,59.98,60.345001,59.720001,59.808998,73
2026-07-13,58.935001,59.044998,57.509998,57.633999,589
2026-07-14,57.650002,59.605,57.514999,58.771999,131
2026-07-15,58.695,58.695,56.900002,57.110001,568
2026-07-16,55.915001,56.084999,55.897999,55.897999,1809
2026-07-17,55.549999,56.037998,55.014999,56.037998,427
2026-07-20,55.654999,57.105,55.654999,56.801998,1714
2026-07-21,56.334999,59.025002,56.334999,58.834999,124
2026-07-22,59.384998,60.019001,59.384998,60.019001,358
2026-07-23,58.66,58.66,57.798,57.798,28
2026-07-24,58.655998,58.655998,58.655998,58.655998,5
2026-07-27,58.472,58.472,58.472,58.472,3
2026-07-28,57.296001,57.296001,57.296001,57.296001,2
2026-07-29,57.862999,57.862999,57.862999,57.862999,382
2026-07-30,57.275002,59.25,57.224998,58.814999,138
2026-07-31,59.200001,59.200001,57.34,57.591,65
2026-08-03,57.667,57.799999,57.667,57.667,90
2026-08-04,58.099998,60.056,58.099998,60.056,90
2026-08-05,62.200001,62.369999,62.200001,62.294998,361
